run_at,rhythm,status,rows_added,error
2026-10-06T06:17:17Z,clean,success,159,
2026-10-06T06:19:09Z,compute,success,54,
2026-10-06T06:20:33Z,clean,success,159,
2026-10-06T06:20:39Z,compute,success,54,
2026-10-06T07:27:28Z,clean,success,2135,
2026-10-06T07:27:28Z,compute,success,54,
2026-10-06T14:28:03Z,compute,success,54,
2026-10-07T08:08:22Z,clean,success,2136,
2026-10-07T08:08:22Z,compute,success,54,
2026-10-08T08:24:33Z,clean,success,2137,
2026-10-08T08:24:33Z,compute,success,54,
2026-10-09T08:28:19Z,clean,success,2138,
2026-10-09T08:28:19Z,compute,success,54,
2026-10-10T08:05:55Z,clean,success,2139,
2026-10-10T08:05:55Z,compute,success,54,
