company_id,date,quarter,close_price,source_url
1,2022-03-31,2022-Q1,295.0,https://finance.yahoo.com/quote/MSFT
1,2022-06-30,2022-Q2,260.0,https://finance.yahoo.com/quote/MSFT
1,2022-09-30,2022-Q3,245.0,https://finance.yahoo.com/quote/MSFT
1,2022-12-31,2022-Q4,240.0,https://finance.yahoo.com/quote/MSFT
1,2023-03-31,2023-Q1,280.0,https://finance.yahoo.com/quote/MSFT
1,2023-06-30,2023-Q2,335.0,https://finance.yahoo.com/quote/MSFT
1,2023-09-30,2023-Q3,320.0,https://finance.yahoo.com/quote/MSFT
1,2023-12-31,2023-Q4,375.0,https://finance.yahoo.com/quote/MSFT
1,2024-03-31,2024-Q1,420.0,https://finance.yahoo.com/quote/MSFT
1,2024-06-30,2024-Q2,445.0,https://finance.yahoo.com/quote/MSFT
1,2024-09-30,2024-Q3,430.0,https://finance.yahoo.com/quote/MSFT
1,2024-12-31,2024-Q4,425.0,https://finance.yahoo.com/quote/MSFT
1,2025-03-31,2025-Q1,415.0,https://finance.yahoo.com/quote/MSFT
1,2025-06-30,2025-Q2,430.0,https://finance.yahoo.com/quote/MSFT
1,2025-09-30,2025-Q3,440.0,https://finance.yahoo.com/quote/MSFT
1,2025-12-31,2025-Q4,450.0,https://finance.yahoo.com/quote/MSFT
1,2026-03-31,2026-Q1,460.0,https://finance.yahoo.com/quote/MSFT
1,2026-06-30,2026-Q2,470.0,https://finance.yahoo.com/quote/MSFT
