company_id,company_name,filing_date,quarter,rnd_spend,source_url
1,Microsoft,2022-04-26,2022-Q1,6306000000.0,https://www.sec.gov/edgar/browse/?CIK=0000789019
1,Microsoft,2022-07-26,2022-Q2,6849000000.0,https://www.sec.gov/edgar/browse/?CIK=0000789019
1,Microsoft,2022-10-25,2022-Q3,6628000000.0,https://www.sec.gov/edgar/browse/?CIK=0000789019
1,Microsoft,2023-01-24,2022-Q4,6844000000.0,https://www.sec.gov/edgar/browse/?CIK=0000789019
1,Microsoft,2023-04-25,2023-Q1,6984000000.0,https://www.sec.gov/edgar/browse/?CIK=0000789019
1,Microsoft,2023-07-25,2023-Q2,6740000000.0,https://www.sec.gov/edgar/browse/?CIK=0000789019
1,Microsoft,2023-10-24,2023-Q3,6659000000.0,https://www.sec.gov/edgar/browse/?CIK=0000789019
1,Microsoft,2024-01-30,2023-Q4,7142000000.0,https://www.sec.gov/edgar/browse/?CIK=0000789019
1,Microsoft,2024-04-25,2024-Q1,7504000000.0,https://www.sec.gov/edgar/browse/?CIK=0000789019
1,Microsoft,2024-07-30,2024-Q2,7908000000.0,https://www.sec.gov/edgar/browse/?CIK=0000789019
1,Microsoft,2024-10-30,2024-Q3,7472000000.0,https://www.sec.gov/edgar/browse/?CIK=0000789019
1,Microsoft,2025-01-28,2024-Q4,7850000000.0,https://www.sec.gov/edgar/browse/?CIK=0000789019
1,Microsoft,2025-04-29,2025-Q1,8120000000.0,https://www.sec.gov/edgar/browse/?CIK=0000789019
1,Microsoft,2025-07-29,2025-Q2,8450000000.0,https://www.sec.gov/edgar/browse/?CIK=0000789019
1,Microsoft,2025-10-28,2025-Q3,8700000000.0,https://www.sec.gov/edgar/browse/?CIK=0000789019
1,Microsoft,2026-01-27,2025-Q4,8950000000.0,https://www.sec.gov/edgar/browse/?CIK=0000789019
1,Microsoft,2026-04-28,2026-Q1,9200000000.0,https://www.sec.gov/edgar/browse/?CIK=0000789019
1,Microsoft,2026-07-28,2026-Q2,9500000000.0,https://www.sec.gov/edgar/browse/?CIK=0000789019
1,Microsoft,2010-07-30,2008-Q2,8164000000.0,https://www.sec.gov/edgar/browse/?CIK=0000789019
1,Microsoft,2009-10-23,2008-Q3,2283000000.0,https://www.sec.gov/edgar/browse/?CIK=0000789019
1,Microsoft,2010-01-28,2008-Q4,4573000000.0,https://www.sec.gov/edgar/browse/?CIK=0000789019
1,Microsoft,2010-04-22,2009-Q1,6785000000.0,https://www.sec.gov/edgar/browse/?CIK=0000789019
1,Microsoft,2010-07-30,2009-Q2,9010000000.0,https://www.sec.gov/edgar/browse/?CIK=0000789019
1,Microsoft,2009-10-23,2009-Q3,2065000000.0,https://www.sec.gov/edgar/browse/?CIK=0000789019
1,Microsoft,2010-01-28,2009-Q4,4144000000.0,https://www.sec.gov/edgar/browse/?CIK=0000789019
1,Microsoft,2010-04-22,2010-Q1,6364000000.0,https://www.sec.gov/edgar/browse/?CIK=0000789019
1,Microsoft,2010-07-30,2010-Q2,8714000000.0,https://www.sec.gov/edgar/browse/?CIK=0000789019
1,Microsoft,2010-10-28,2010-Q3,2196000000.0,https://www.sec.gov/edgar/browse/?CIK=0000789019
1,Microsoft,2011-01-27,2010-Q4,4381000000.0,https://www.sec.gov/edgar/browse/?CIK=0000789019
1,Microsoft,2011-04-28,2011-Q1,6650000000.0,https://www.sec.gov/edgar/browse/?CIK=0000789019
1,Microsoft,2011-07-28,2011-Q2,9043000000.0,https://www.sec.gov/edgar/browse/?CIK=0000789019
1,Microsoft,2011-10-20,2011-Q3,2329000000.0,https://www.sec.gov/edgar/browse/?CIK=0000789019
1,Microsoft,2013-01-24,2011-Q4,4700000000.0,https://www.sec.gov/edgar/browse/?CIK=0000789019
1,Microsoft,2012-04-19,2012-Q1,7217000000.0,https://www.sec.gov/edgar/browse/?CIK=0000789019
1,Microsoft,2012-07-26,2012-Q2,9811000000.0,https://www.sec.gov/edgar/browse/?CIK=0000789019
1,Microsoft,2012-10-18,2012-Q3,2460000000.0,https://www.sec.gov/edgar/browse/?CIK=0000789019
1,Microsoft,2013-01-24,2012-Q4,4988000000.0,https://www.sec.gov/edgar/browse/?CIK=0000789019
1,Microsoft,2013-04-18,2013-Q1,7628000000.0,https://www.sec.gov/edgar/browse/?CIK=0000789019
1,Microsoft,2013-07-30,2013-Q2,10411000000.0,https://www.sec.gov/edgar/browse/?CIK=0000789019
1,Microsoft,2013-10-24,2013-Q3,2767000000.0,https://www.sec.gov/edgar/browse/?CIK=0000789019
1,Microsoft,2014-01-23,2013-Q4,5515000000.0,https://www.sec.gov/edgar/browse/?CIK=0000789019
1,Microsoft,2014-04-24,2014-Q1,8258000000.0,https://www.sec.gov/edgar/browse/?CIK=0000789019
1,Microsoft,2014-07-31,2014-Q2,11381000000.0,https://www.sec.gov/edgar/browse/?CIK=0000789019
1,Microsoft,2014-10-23,2014-Q3,3065000000.0,https://www.sec.gov/edgar/browse/?CIK=0000789019
1,Microsoft,2015-01-26,2014-Q4,5968000000.0,https://www.sec.gov/edgar/browse/?CIK=0000789019
1,Microsoft,2015-04-23,2015-Q1,8952000000.0,https://www.sec.gov/edgar/browse/?CIK=0000789019
1,Microsoft,2015-07-31,2015-Q2,12046000000.0,https://www.sec.gov/edgar/browse/?CIK=0000789019
1,Microsoft,2015-10-22,2015-Q3,2962000000.0,https://www.sec.gov/edgar/browse/?CIK=0000789019
1,Microsoft,2016-01-28,2015-Q4,5862000000.0,https://www.sec.gov/edgar/browse/?CIK=0000789019
1,Microsoft,2016-04-21,2016-Q1,8842000000.0,https://www.sec.gov/edgar/browse/?CIK=0000789019
1,Microsoft,2016-07-28,2016-Q2,11988000000.0,https://www.sec.gov/edgar/browse/?CIK=0000789019
1,Microsoft,2016-10-20,2016-Q3,3106000000.0,https://www.sec.gov/edgar/browse/?CIK=0000789019
1,Microsoft,2017-01-26,2016-Q4,6168000000.0,https://www.sec.gov/edgar/browse/?CIK=0000789019
1,Microsoft,2017-04-27,2017-Q1,9523000000.0,https://www.sec.gov/edgar/browse/?CIK=0000789019
1,Microsoft,2017-08-02,2017-Q2,13037000000.0,https://www.sec.gov/edgar/browse/?CIK=0000789019
1,Microsoft,2017-10-26,2017-Q3,3574000000.0,https://www.sec.gov/edgar/browse/?CIK=0000789019
1,Microsoft,2018-01-31,2017-Q4,7078000000.0,https://www.sec.gov/edgar/browse/?CIK=0000789019
1,Microsoft,2018-04-26,2018-Q1,10793000000.0,https://www.sec.gov/edgar/browse/?CIK=0000789019
1,Microsoft,2018-08-03,2018-Q2,14726000000.0,https://www.sec.gov/edgar/browse/?CIK=0000789019
1,Microsoft,2018-10-24,2018-Q3,3977000000.0,https://www.sec.gov/edgar/browse/?CIK=0000789019
1,Microsoft,2019-01-30,2018-Q4,8047000000.0,https://www.sec.gov/edgar/browse/?CIK=0000789019
1,Microsoft,2019-04-24,2019-Q1,12363000000.0,https://www.sec.gov/edgar/browse/?CIK=0000789019
1,Microsoft,2019-08-01,2019-Q2,16876000000.0,https://www.sec.gov/edgar/browse/?CIK=0000789019
1,Microsoft,2019-10-23,2019-Q3,4565000000.0,https://www.sec.gov/edgar/browse/?CIK=0000789019
1,Microsoft,2020-01-29,2019-Q4,9168000000.0,https://www.sec.gov/edgar/browse/?CIK=0000789019
1,Microsoft,2020-04-29,2020-Q1,14055000000.0,https://www.sec.gov/edgar/browse/?CIK=0000789019
1,Microsoft,2020-07-30,2020-Q2,19269000000.0,https://www.sec.gov/edgar/browse/?CIK=0000789019
1,Microsoft,2020-10-27,2020-Q3,4926000000.0,https://www.sec.gov/edgar/browse/?CIK=0000789019
1,Microsoft,2021-01-26,2020-Q4,9825000000.0,https://www.sec.gov/edgar/browse/?CIK=0000789019
1,Microsoft,2021-04-27,2021-Q1,15029000000.0,https://www.sec.gov/edgar/browse/?CIK=0000789019
1,Microsoft,2021-07-29,2021-Q2,20716000000.0,https://www.sec.gov/edgar/browse/?CIK=0000789019
1,Microsoft,2021-10-26,2021-Q3,5599000000.0,https://www.sec.gov/edgar/browse/?CIK=0000789019
1,Microsoft,2022-01-25,2021-Q4,11357000000.0,https://www.sec.gov/edgar/browse/?CIK=0000789019
