company_id,date,quarter,close_price,source_url
1,2022-03-31,2022-Q1,295.0,https://finance.yahoo.com/quote/MSFT
1,2022-06-30,2022-Q2,260.0,https://finance.yahoo.com/quote/MSFT
1,2022-09-30,2022-Q3,245.0,https://finance.yahoo.com/quote/MSFT
1,2022-12-31,2022-Q4,240.0,https://finance.yahoo.com/quote/MSFT
1,2023-03-31,2023-Q1,280.0,https://finance.yahoo.com/quote/MSFT
1,2023-06-30,2023-Q2,335.0,https://finance.yahoo.com/quote/MSFT
1,2023-09-30,2023-Q3,320.0,https://finance.yahoo.com/quote/MSFT
1,2023-12-31,2023-Q4,375.0,https://finance.yahoo.com/quote/MSFT
1,2024-03-31,2024-Q1,420.0,https://finance.yahoo.com/quote/MSFT
1,2024-06-30,2024-Q2,445.0,https://finance.yahoo.com/quote/MSFT
1,2024-09-30,2024-Q3,430.0,https://finance.yahoo.com/quote/MSFT
1,2024-12-31,2024-Q4,425.0,https://finance.yahoo.com/quote/MSFT
1,2025-03-31,2025-Q1,415.0,https://finance.yahoo.com/quote/MSFT
1,2025-06-30,2025-Q2,430.0,https://finance.yahoo.com/quote/MSFT
1,2025-09-30,2025-Q3,440.0,https://finance.yahoo.com/quote/MSFT
1,2025-12-31,2025-Q4,450.0,https://finance.yahoo.com/quote/MSFT
1,2026-03-31,2026-Q1,460.0,https://finance.yahoo.com/quote/MSFT
1,2026-06-30,2026-Q2,470.0,https://finance.yahoo.com/quote/MSFT
1,2022-01-03,2022-Q1,321.86,https://finance.yahoo.com/quote/MSFT?latency=15m
1,2022-01-04,2022-Q1,316.34,https://finance.yahoo.com/quote/MSFT?latency=15m
1,2022-01-05,2022-Q1,304.19,https://finance.yahoo.com/quote/MSFT?latency=15m
1,2022-01-06,2022-Q1,301.79,https://finance.yahoo.com/quote/MSFT?latency=15m
1,2022-01-07,2022-Q1,301.94,https://finance.yahoo.com/quote/MSFT?latency=15m
1,2022-01-10,2022-Q1,302.17,https://finance.yahoo.com/quote/MSFT?latency=15m
1,2022-01-11,2022-Q1,302.85,https://finance.yahoo.com/quote/MSFT?latency=15m
1,2022-01-12,2022-Q1,306.01,https://finance.yahoo.com/quote/MSFT?latency=15m
1,2022-01-13,2022-Q1,293.06,https://finance.yahoo.com/quote/MSFT?latency=15m
1,2022-01-14,2022-Q1,298.25,https://finance.yahoo.com/quote/MSFT?latency=15m
1,2022-01-18,2022-Q1,290.99,https://finance.yahoo.com/quote/MSFT?latency=15m
1,2022-01-19,2022-Q1,291.65,https://finance.yahoo.com/quote/MSFT?latency=15m
1,2022-01-20,2022-Q1,289.98,https://finance.yahoo.com/quote/MSFT?latency=15m
1,2022-01-21,2022-Q1,284.63,https://finance.yahoo.com/quote/MSFT?latency=15m
1,2022-01-24,2022-Q1,284.95,https://finance.yahoo.com/quote/MSFT?latency=15m
1,2022-01-25,2022-Q1,277.38,https://finance.yahoo.com/quote/MSFT?latency=15m
1,2022-01-26,2022-Q1,285.28,https://finance.yahoo.com/quote/MSFT?latency=15m
1,2022-01-27,2022-Q1,288.29,https://finance.yahoo.com/quote/MSFT?latency=15m
1,2022-01-28,2022-Q1,296.39,https://finance.yahoo.com/quote/MSFT?latency=15m
1,2022-01-31,2022-Q1,299.0,https://finance.yahoo.com/quote/MSFT?latency=15m
1,2022-02-01,2022-Q1,296.87,https://finance.yahoo.com/quote/MSFT?latency=15m
1,2022-02-02,2022-Q1,301.39,https://finance.yahoo.com/quote/MSFT?latency=15m
1,2022-02-03,2022-Q1,289.65,https://finance.yahoo.com/quote/MSFT?latency=15m
1,2022-02-04,2022-Q1,294.16,https://finance.yahoo.com/quote/MSFT?latency=15m
1,2022-02-07,2022-Q1,289.36,https://finance.yahoo.com/quote/MSFT?latency=15m
1,2022-02-08,2022-Q1,292.83,https://finance.yahoo.com/quote/MSFT?latency=15m
1,2022-02-09,2022-Q1,299.22,https://finance.yahoo.com/quote/MSFT?latency=15m
1,2022-02-10,2022-Q1,290.73,https://finance.yahoo.com/quote/MSFT?latency=15m
1,2022-02-11,2022-Q1,283.68,https://finance.yahoo.com/quote/MSFT?latency=15m
1,2022-02-14,2022-Q1,283.64,https://finance.yahoo.com/quote/MSFT?latency=15m
1,2022-02-15,2022-Q1,288.9,https://finance.yahoo.com/quote/MSFT?latency=15m
1,2022-02-16,2022-Q1,288.56,https://finance.yahoo.com/quote/MSFT?latency=15m
1,2022-02-17,2022-Q1,280.11,https://finance.yahoo.com/quote/MSFT?latency=15m
1,2022-02-18,2022-Q1,277.41,https://finance.yahoo.com/quote/MSFT?latency=15m
1,2022-02-22,2022-Q1,277.21,https://finance.yahoo.com/quote/MSFT?latency=15m
1,2022-02-23,2022-Q1,270.03,https://finance.yahoo.com/quote/MSFT?latency=15m
1,2022-02-24,2022-Q1,283.83,https://finance.yahoo.com/quote/MSFT?latency=15m
1,2022-02-25,2022-Q1,286.45,https://finance.yahoo.com/quote/MSFT?latency=15m
1,2022-02-28,2022-Q1,287.88,https://finance.yahoo.com/quote/MSFT?latency=15m
1,2022-03-01,2022-Q1,284.18,https://finance.yahoo.com/quote/MSFT?latency=15m
1,2022-03-02,2022-Q1,289.22,https://finance.yahoo.com/quote/MSFT?latency=15m
1,2022-03-03,2022-Q1,285.11,https://finance.yahoo.com/quote/MSFT?latency=15m
1,2022-03-04,2022-Q1,279.27,https://finance.yahoo.com/quote/MSFT?latency=15m
1,2022-03-07,2022-Q1,268.72,https://finance.yahoo.com/quote/MSFT?latency=15m
1,2022-03-08,2022-Q1,265.77,https://finance.yahoo.com/quote/MSFT?latency=15m
1,2022-03-09,2022-Q1,277.96,https://finance.yahoo.com/quote/MSFT?latency=15m
1,2022-03-10,2022-Q1,275.16,https://finance.yahoo.com/quote/MSFT?latency=15m
1,2022-03-11,2022-Q1,269.84,https://finance.yahoo.com/quote/MSFT?latency=15m
1,2022-03-14,2022-Q1,266.34,https://finance.yahoo.com/quote/MSFT?latency=15m
1,2022-03-15,2022-Q1,276.66,https://finance.yahoo.com/quote/MSFT?latency=15m
1,2022-03-16,2022-Q1,283.64,https://finance.yahoo.com/quote/MSFT?latency=15m
1,2022-03-17,2022-Q1,284.44,https://finance.yahoo.com/quote/MSFT?latency=15m
1,2022-03-18,2022-Q1,289.46,https://finance.yahoo.com/quote/MSFT?latency=15m
1,2022-03-21,2022-Q1,288.23,https://finance.yahoo.com/quote/MSFT?latency=15m
1,2022-03-22,2022-Q1,292.95,https://finance.yahoo.com/quote/MSFT?latency=15m
1,2022-03-23,2022-Q1,288.55,https://finance.yahoo.com/quote/MSFT?latency=15m
1,2022-03-24,2022-Q1,292.99,https://finance.yahoo.com/quote/MSFT?latency=15m
1,2022-03-25,2022-Q1,292.59,https://finance.yahoo.com/quote/MSFT?latency=15m
1,2022-03-28,2022-Q1,299.35,https://finance.yahoo.com/quote/MSFT?latency=15m
1,2022-03-29,2022-Q1,303.89,https://finance.yahoo.com/quote/MSFT?latency=15m
1,2022-03-30,2022-Q1,302.39,https://finance.yahoo.com/quote/MSFT?latency=15m
1,2022-04-01,2022-Q2,298.12,https://finance.yahoo.com/quote/MSFT?latency=15m
1,2022-04-04,2022-Q2,303.46,https://finance.yahoo.com/quote/MSFT?latency=15m
1,2022-04-05,2022-Q2,299.52,https://finance.yahoo.com/quote/MSFT?latency=15m
1,2022-04-06,2022-Q2,288.56,https://finance.yahoo.com/quote/MSFT?latency=15m
1,2022-04-07,2022-Q2,290.36,https://finance.yahoo.com/quote/MSFT?latency=15m
1,2022-04-08,2022-Q2,286.12,https://finance.yahoo.com/quote/MSFT?latency=15m
1,2022-04-11,2022-Q2,274.84,https://finance.yahoo.com/quote/MSFT?latency=15m
1,2022-04-12,2022-Q2,271.76,https://finance.yahoo.com/quote/MSFT?latency=15m
1,2022-04-13,2022-Q2,277.11,https://finance.yahoo.com/quote/MSFT?latency=15m
1,2022-04-14,2022-Q2,269.61,https://finance.yahoo.com/quote/MSFT?latency=15m
1,2022-04-18,2022-Q2,270.27,https://finance.yahoo.com/quote/MSFT?latency=15m
1,2022-04-19,2022-Q2,274.88,https://finance.yahoo.com/quote/MSFT?latency=15m
1,2022-04-20,2022-Q2,275.9,https://finance.yahoo.com/quote/MSFT?latency=15m
1,2022-04-21,2022-Q2,270.55,https://finance.yahoo.com/quote/MSFT?latency=15m
1,2022-04-22,2022-Q2,264.02,https://finance.yahoo.com/quote/MSFT?latency=15m
1,2022-04-25,2022-Q2,270.47,https://finance.yahoo.com/quote/MSFT?latency=15m
1,2022-04-26,2022-Q2,260.35,https://finance.yahoo.com/quote/MSFT?latency=15m
1,2022-04-27,2022-Q2,272.87,https://finance.yahoo.com/quote/MSFT?latency=15m
1,2022-04-28,2022-Q2,279.05,https://finance.yahoo.com/quote/MSFT?latency=15m
1,2022-04-29,2022-Q2,267.38,https://finance.yahoo.com/quote/MSFT?latency=15m
1,2022-05-02,2022-Q2,274.08,https://finance.yahoo.com/quote/MSFT?latency=15m
1,2022-05-03,2022-Q2,271.49,https://finance.yahoo.com/quote/MSFT?latency=15m
1,2022-05-04,2022-Q2,279.39,https://finance.yahoo.com/quote/MSFT?latency=15m
1,2022-05-05,2022-Q2,267.22,https://finance.yahoo.com/quote/MSFT?latency=15m
1,2022-05-06,2022-Q2,264.69,https://finance.yahoo.com/quote/MSFT?latency=15m
1,2022-05-09,2022-Q2,254.92,https://finance.yahoo.com/quote/MSFT?latency=15m
1,2022-05-10,2022-Q2,259.66,https://finance.yahoo.com/quote/MSFT?latency=15m
1,2022-05-11,2022-Q2,251.03,https://finance.yahoo.com/quote/MSFT?latency=15m
1,2022-05-12,2022-Q2,246.02,https://finance.yahoo.com/quote/MSFT?latency=15m
1,2022-05-13,2022-Q2,251.58,https://finance.yahoo.com/quote/MSFT?latency=15m
1,2022-05-16,2022-Q2,251.95,https://finance.yahoo.com/quote/MSFT?latency=15m
1,2022-05-17,2022-Q2,257.07,https://finance.yahoo.com/quote/MSFT?latency=15m
1,2022-05-18,2022-Q2,245.37,https://finance.yahoo.com/quote/MSFT?latency=15m
1,2022-05-19,2022-Q2,244.46,https://finance.yahoo.com/quote/MSFT?latency=15m
1,2022-05-20,2022-Q2,243.9,https://finance.yahoo.com/quote/MSFT?latency=15m
1,2022-05-23,2022-Q2,251.71,https://finance.yahoo.com/quote/MSFT?latency=15m
1,2022-05-24,2022-Q2,250.72,https://finance.yahoo.com/quote/MSFT?latency=15m
1,2022-05-25,2022-Q2,253.52,https://finance.yahoo.com/quote/MSFT?latency=15m
1,2022-05-26,2022-Q2,256.78,https://finance.yahoo.com/quote/MSFT?latency=15m
1,2022-05-27,2022-Q2,263.87,https://finance.yahoo.com/quote/MSFT?latency=15m
1,2022-05-31,2022-Q2,262.55,https://finance.yahoo.com/quote/MSFT?latency=15m
1,2022-06-01,2022-Q2,263.08,https://finance.yahoo.com/quote/MSFT?latency=15m
1,2022-06-02,2022-Q2,265.17,https://finance.yahoo.com/quote/MSFT?latency=15m
1,2022-06-03,2022-Q2,260.76,https://finance.yahoo.com/quote/MSFT?latency=15m
1,2022-06-06,2022-Q2,259.54,https://finance.yahoo.com/quote/MSFT?latency=15m
1,2022-06-07,2022-Q2,263.16,https://finance.yahoo.com/quote/MSFT?latency=15m
1,2022-06-08,2022-Q2,261.14,https://finance.yahoo.com/quote/MSFT?latency=15m
1,2022-06-09,2022-Q2,255.71,https://finance.yahoo.com/quote/MSFT?latency=15m
1,2022-06-10,2022-Q2,244.32,https://finance.yahoo.com/quote/MSFT?latency=15m
1,2022-06-13,2022-Q2,233.95,https://finance.yahoo.com/quote/MSFT?latency=15m
1,2022-06-14,2022-Q2,236.11,https://finance.yahoo.com/quote/MSFT?latency=15m
1,2022-06-15,2022-Q2,243.13,https://finance.yahoo.com/quote/MSFT?latency=15m
1,2022-06-16,2022-Q2,236.57,https://finance.yahoo.com/quote/MSFT?latency=15m
1,2022-06-17,2022-Q2,239.16,https://finance.yahoo.com/quote/MSFT?latency=15m
1,2022-06-21,2022-Q2,245.04,https://finance.yahoo.com/quote/MSFT?latency=15m
1,2022-06-22,2022-Q2,244.45,https://finance.yahoo.com/quote/MSFT?latency=15m
1,2022-06-23,2022-Q2,249.99,https://finance.yahoo.com/quote/MSFT?latency=15m
1,2022-06-24,2022-Q2,258.52,https://finance.yahoo.com/quote/MSFT?latency=15m
1,2022-06-27,2022-Q2,255.81,https://finance.yahoo.com/quote/MSFT?latency=15m
1,2022-06-28,2022-Q2,247.69,https://finance.yahoo.com/quote/MSFT?latency=15m
1,2022-06-29,2022-Q2,251.34,https://finance.yahoo.com/quote/MSFT?latency=15m
1,2022-07-01,2022-Q3,250.68,https://finance.yahoo.com/quote/MSFT?latency=15m
1,2022-07-05,2022-Q3,253.84,https://finance.yahoo.com/quote/MSFT?latency=15m
1,2022-07-06,2022-Q3,257.08,https://finance.yahoo.com/quote/MSFT?latency=15m
1,2022-07-07,2022-Q3,259.2,https://finance.yahoo.com/quote/MSFT?latency=15m
1,2022-07-08,2022-Q3,258.48,https://finance.yahoo.com/quote/MSFT?latency=15m
1,2022-07-11,2022-Q3,255.44,https://finance.yahoo.com/quote/MSFT?latency=15m
1,2022-07-12,2022-Q3,244.97,https://finance.yahoo.com/quote/MSFT?latency=15m
1,2022-07-13,2022-Q3,244.06,https://finance.yahoo.com/quote/MSFT?latency=15m
1,2022-07-14,2022-Q3,245.37,https://finance.yahoo.com/quote/MSFT?latency=15m
1,2022-07-15,2022-Q3,247.92,https://finance.yahoo.com/quote/MSFT?latency=15m
1,2022-07-18,2022-Q3,245.53,https://finance.yahoo.com/quote/MSFT?latency=15m
1,2022-07-19,2022-Q3,250.63,https://finance.yahoo.com/quote/MSFT?latency=15m
1,2022-07-20,2022-Q3,253.28,https://finance.yahoo.com/quote/MSFT?latency=15m
1,2022-07-21,2022-Q3,255.76,https://finance.yahoo.com/quote/MSFT?latency=15m
1,2022-07-22,2022-Q3,251.43,https://finance.yahoo.com/quote/MSFT?latency=15m
1,2022-07-25,2022-Q3,249.96,https://finance.yahoo.com/quote/MSFT?latency=15m
1,2022-07-26,2022-Q3,243.26,https://finance.yahoo.com/quote/MSFT?latency=15m
1,2022-07-27,2022-Q3,259.53,https://finance.yahoo.com/quote/MSFT?latency=15m
1,2022-07-28,2022-Q3,266.93,https://finance.yahoo.com/quote/MSFT?latency=15m
1,2022-07-29,2022-Q3,271.11,https://finance.yahoo.com/quote/MSFT?latency=15m
1,2022-08-01,2022-Q3,268.48,https://finance.yahoo.com/quote/MSFT?latency=15m
1,2022-08-02,2022-Q3,265.4,https://finance.yahoo.com/quote/MSFT?latency=15m
1,2022-08-03,2022-Q3,272.79,https://finance.yahoo.com/quote/MSFT?latency=15m
1,2022-08-04,2022-Q3,273.93,https://finance.yahoo.com/quote/MSFT?latency=15m
1,2022-08-05,2022-Q3,273.21,https://finance.yahoo.com/quote/MSFT?latency=15m
1,2022-08-08,2022-Q3,270.71,https://finance.yahoo.com/quote/MSFT?latency=15m
1,2022-08-09,2022-Q3,272.62,https://finance.yahoo.com/quote/MSFT?latency=15m
1,2022-08-10,2022-Q3,279.25,https://finance.yahoo.com/quote/MSFT?latency=15m
1,2022-08-11,2022-Q3,277.18,https://finance.yahoo.com/quote/MSFT?latency=15m
1,2022-08-12,2022-Q3,281.9,https://finance.yahoo.com/quote/MSFT?latency=15m
1,2022-08-15,2022-Q3,283.41,https://finance.yahoo.com/quote/MSFT?latency=15m
1,2022-08-16,2022-Q3,282.67,https://finance.yahoo.com/quote/MSFT?latency=15m
1,2022-08-17,2022-Q3,281.93,https://finance.yahoo.com/quote/MSFT?latency=15m
1,2022-08-18,2022-Q3,280.82,https://finance.yahoo.com/quote/MSFT?latency=15m
1,2022-08-19,2022-Q3,276.93,https://finance.yahoo.com/quote/MSFT?latency=15m
1,2022-08-22,2022-Q3,268.8,https://finance.yahoo.com/quote/MSFT?latency=15m
1,2022-08-23,2022-Q3,267.53,https://finance.yahoo.com/quote/MSFT?latency=15m
1,2022-08-24,2022-Q3,266.9,https://finance.yahoo.com/quote/MSFT?latency=15m
1,2022-08-25,2022-Q3,269.86,https://finance.yahoo.com/quote/MSFT?latency=15m
1,2022-08-26,2022-Q3,259.45,https://finance.yahoo.com/quote/MSFT?latency=15m
1,2022-08-29,2022-Q3,256.68,https://finance.yahoo.com/quote/MSFT?latency=15m
1,2022-08-30,2022-Q3,254.49,https://finance.yahoo.com/quote/MSFT?latency=15m
1,2022-08-31,2022-Q3,253.04,https://finance.yahoo.com/quote/MSFT?latency=15m
1,2022-09-01,2022-Q3,252.01,https://finance.yahoo.com/quote/MSFT?latency=15m
1,2022-09-02,2022-Q3,247.81,https://finance.yahoo.com/quote/MSFT?latency=15m
1,2022-09-06,2022-Q3,245.09,https://finance.yahoo.com/quote/MSFT?latency=15m
1,2022-09-07,2022-Q3,249.77,https://finance.yahoo.com/quote/MSFT?latency=15m
1,2022-09-08,2022-Q3,250.19,https://finance.yahoo.com/quote/MSFT?latency=15m
1,2022-09-09,2022-Q3,255.94,https://finance.yahoo.com/quote/MSFT?latency=15m
1,2022-09-12,2022-Q3,258.05,https://finance.yahoo.com/quote/MSFT?latency=15m
1,2022-09-13,2022-Q3,243.87,https://finance.yahoo.com/quote/MSFT?latency=15m
1,2022-09-14,2022-Q3,244.09,https://finance.yahoo.com/quote/MSFT?latency=15m
1,2022-09-15,2022-Q3,237.47,https://finance.yahoo.com/quote/MSFT?latency=15m
1,2022-09-16,2022-Q3,236.85,https://finance.yahoo.com/quote/MSFT?latency=15m
1,2022-09-19,2022-Q3,236.64,https://finance.yahoo.com/quote/MSFT?latency=15m
1,2022-09-20,2022-Q3,234.63,https://finance.yahoo.com/quote/MSFT?latency=15m
1,2022-09-21,2022-Q3,231.25,https://finance.yahoo.com/quote/MSFT?latency=15m
1,2022-09-22,2022-Q3,233.21,https://finance.yahoo.com/quote/MSFT?latency=15m
1,2022-09-23,2022-Q3,230.25,https://finance.yahoo.com/quote/MSFT?latency=15m
1,2022-09-26,2022-Q3,229.8,https://finance.yahoo.com/quote/MSFT?latency=15m
1,2022-09-27,2022-Q3,228.79,https://finance.yahoo.com/quote/MSFT?latency=15m
1,2022-09-28,2022-Q3,233.3,https://finance.yahoo.com/quote/MSFT?latency=15m
1,2022-09-29,2022-Q3,229.84,https://finance.yahoo.com/quote/MSFT?latency=15m
1,2022-10-03,2022-Q4,232.98,https://finance.yahoo.com/quote/MSFT?latency=15m
1,2022-10-04,2022-Q4,240.86,https://finance.yahoo.com/quote/MSFT?latency=15m
1,2022-10-05,2022-Q4,241.17,https://finance.yahoo.com/quote/MSFT?latency=15m
1,2022-10-06,2022-Q4,238.83,https://finance.yahoo.com/quote/MSFT?latency=15m
1,2022-10-07,2022-Q4,226.69,https://finance.yahoo.com/quote/MSFT?latency=15m
1,2022-10-10,2022-Q4,221.86,https://finance.yahoo.com/quote/MSFT?latency=15m
1,2022-10-11,2022-Q4,218.14,https://finance.yahoo.com/quote/MSFT?latency=15m
1,2022-10-12,2022-Q4,218.47,https://finance.yahoo.com/quote/MSFT?latency=15m
1,2022-10-13,2022-Q4,226.69,https://finance.yahoo.com/quote/MSFT?latency=15m
1,2022-10-14,2022-Q4,221.19,https://finance.yahoo.com/quote/MSFT?latency=15m
1,2022-10-17,2022-Q4,229.87,https://finance.yahoo.com/quote/MSFT?latency=15m
1,2022-10-18,2022-Q4,230.81,https://finance.yahoo.com/quote/MSFT?latency=15m
1,2022-10-19,2022-Q4,228.86,https://finance.yahoo.com/quote/MSFT?latency=15m
1,2022-10-20,2022-Q4,228.54,https://finance.yahoo.com/quote/MSFT?latency=15m
1,2022-10-21,2022-Q4,234.32,https://finance.yahoo.com/quote/MSFT?latency=15m
1,2022-10-24,2022-Q4,239.28,https://finance.yahoo.com/quote/MSFT?latency=15m
1,2022-10-25,2022-Q4,242.58,https://finance.yahoo.com/quote/MSFT?latency=15m
1,2022-10-26,2022-Q4,223.86,https://finance.yahoo.com/quote/MSFT?latency=15m
1,2022-10-27,2022-Q4,219.44,https://finance.yahoo.com/quote/MSFT?latency=15m
1,2022-10-28,2022-Q4,228.27,https://finance.yahoo.com/quote/MSFT?latency=15m
1,2022-10-31,2022-Q4,224.65,https://finance.yahoo.com/quote/MSFT?latency=15m
1,2022-11-01,2022-Q4,220.81,https://finance.yahoo.com/quote/MSFT?latency=15m
1,2022-11-02,2022-Q4,213.01,https://finance.yahoo.com/quote/MSFT?latency=15m
1,2022-11-03,2022-Q4,207.34,https://finance.yahoo.com/quote/MSFT?latency=15m
1,2022-11-04,2022-Q4,214.25,https://finance.yahoo.com/quote/MSFT?latency=15m
1,2022-11-07,2022-Q4,220.52,https://finance.yahoo.com/quote/MSFT?latency=15m
1,2022-11-08,2022-Q4,221.49,https://finance.yahoo.com/quote/MSFT?latency=15m
1,2022-11-09,2022-Q4,217.27,https://finance.yahoo.com/quote/MSFT?latency=15m
1,2022-11-10,2022-Q4,235.15,https://finance.yahoo.com/quote/MSFT?latency=15m
1,2022-11-11,2022-Q4,239.14,https://finance.yahoo.com/quote/MSFT?latency=15m
1,2022-11-14,2022-Q4,233.76,https://finance.yahoo.com/quote/MSFT?latency=15m
1,2022-11-15,2022-Q4,234.17,https://finance.yahoo.com/quote/MSFT?latency=15m
1,2022-11-16,2022-Q4,234.6,https://finance.yahoo.com/quote/MSFT?latency=15m
1,2022-11-17,2022-Q4,234.55,https://finance.yahoo.com/quote/MSFT?latency=15m
1,2022-11-18,2022-Q4,234.1,https://finance.yahoo.com/quote/MSFT?latency=15m
1,2022-11-21,2022-Q4,234.91,https://finance.yahoo.com/quote/MSFT?latency=15m
1,2022-11-22,2022-Q4,237.8,https://finance.yahoo.com/quote/MSFT?latency=15m
1,2022-11-23,2022-Q4,240.27,https://finance.yahoo.com/quote/MSFT?latency=15m
1,2022-11-25,2022-Q4,240.19,https://finance.yahoo.com/quote/MSFT?latency=15m
1,2022-11-28,2022-Q4,234.63,https://finance.yahoo.com/quote/MSFT?latency=15m
1,2022-11-29,2022-Q4,233.24,https://finance.yahoo.com/quote/MSFT?latency=15m
1,2022-11-30,2022-Q4,247.61,https://finance.yahoo.com/quote/MSFT?latency=15m
1,2022-12-01,2022-Q4,247.17,https://finance.yahoo.com/quote/MSFT?latency=15m
1,2022-12-02,2022-Q4,247.49,https://finance.yahoo.com/quote/MSFT?latency=15m
1,2022-12-05,2022-Q4,242.82,https://finance.yahoo.com/quote/MSFT?latency=15m
1,2022-12-06,2022-Q4,237.89,https://finance.yahoo.com/quote/MSFT?latency=15m
1,2022-12-07,2022-Q4,237.16,https://finance.yahoo.com/quote/MSFT?latency=15m
1,2022-12-08,2022-Q4,240.1,https://finance.yahoo.com/quote/MSFT?latency=15m
1,2022-12-09,2022-Q4,238.18,https://finance.yahoo.com/quote/MSFT?latency=15m
1,2022-12-12,2022-Q4,245.06,https://finance.yahoo.com/quote/MSFT?latency=15m
1,2022-12-13,2022-Q4,249.34,https://finance.yahoo.com/quote/MSFT?latency=15m
1,2022-12-14,2022-Q4,249.63,https://finance.yahoo.com/quote/MSFT?latency=15m
1,2022-12-15,2022-Q4,241.66,https://finance.yahoo.com/quote/MSFT?latency=15m
1,2022-12-16,2022-Q4,237.47,https://finance.yahoo.com/quote/MSFT?latency=15m
1,2022-12-19,2022-Q4,233.35,https://finance.yahoo.com/quote/MSFT?latency=15m
1,2022-12-20,2022-Q4,234.67,https://finance.yahoo.com/quote/MSFT?latency=15m
1,2022-12-21,2022-Q4,237.22,https://finance.yahoo.com/quote/MSFT?latency=15m
1,2022-12-22,2022-Q4,231.16,https://finance.yahoo.com/quote/MSFT?latency=15m
1,2022-12-23,2022-Q4,231.69,https://finance.yahoo.com/quote/MSFT?latency=15m
1,2022-12-27,2022-Q4,229.97,https://finance.yahoo.com/quote/MSFT?latency=15m
1,2022-12-28,2022-Q4,227.61,https://finance.yahoo.com/quote/MSFT?latency=15m
1,2022-12-29,2022-Q4,233.9,https://finance.yahoo.com/quote/MSFT?latency=15m
1,2022-12-30,2022-Q4,232.74,https://finance.yahoo.com/quote/MSFT?latency=15m
1,2023-01-03,2023-Q1,232.51,https://finance.yahoo.com/quote/MSFT?latency=15m
1,2023-01-04,2023-Q1,222.34,https://finance.yahoo.com/quote/MSFT?latency=15m
1,2023-01-05,2023-Q1,215.75,https://finance.yahoo.com/quote/MSFT?latency=15m
1,2023-01-06,2023-Q1,218.29,https://finance.yahoo.com/quote/MSFT?latency=15m
1,2023-01-09,2023-Q1,220.42,https://finance.yahoo.com/quote/MSFT?latency=15m
1,2023-01-10,2023-Q1,222.1,https://finance.yahoo.com/quote/MSFT?latency=15m
1,2023-01-11,2023-Q1,228.81,https://finance.yahoo.com/quote/MSFT?latency=15m
1,2023-01-12,2023-Q1,231.47,https://finance.yahoo.com/quote/MSFT?latency=15m
1,2023-01-13,2023-Q1,232.17,https://finance.yahoo.com/quote/MSFT?latency=15m
1,2023-01-17,2023-Q1,233.26,https://finance.yahoo.com/quote/MSFT?latency=15m
1,2023-01-18,2023-Q1,228.85,https://finance.yahoo.com/quote/MSFT?latency=15m
1,2023-01-19,2023-Q1,225.09,https://finance.yahoo.com/quote/MSFT?latency=15m
1,2023-01-20,2023-Q1,233.13,https://finance.yahoo.com/quote/MSFT?latency=15m
1,2023-01-23,2023-Q1,235.42,https://finance.yahoo.com/quote/MSFT?latency=15m
1,2023-01-24,2023-Q1,234.9,https://finance.yahoo.com/quote/MSFT?latency=15m
1,2023-01-25,2023-Q1,233.51,https://finance.yahoo.com/quote/MSFT?latency=15m
1,2023-01-26,2023-Q1,240.68,https://finance.yahoo.com/quote/MSFT?latency=15m
1,2023-01-27,2023-Q1,240.84,https://finance.yahoo.com/quote/MSFT?latency=15m
1,2023-01-30,2023-Q1,235.55,https://finance.yahoo.com/quote/MSFT?latency=15m
1,2023-01-31,2023-Q1,240.5,https://finance.yahoo.com/quote/MSFT?latency=15m
1,2023-02-01,2023-Q1,245.29,https://finance.yahoo.com/quote/MSFT?latency=15m
1,2023-02-02,2023-Q1,256.79,https://finance.yahoo.com/quote/MSFT?latency=15m
1,2023-02-03,2023-Q1,250.73,https://finance.yahoo.com/quote/MSFT?latency=15m
1,2023-02-06,2023-Q1,249.19,https://finance.yahoo.com/quote/MSFT?latency=15m
1,2023-02-07,2023-Q1,259.66,https://finance.yahoo.com/quote/MSFT?latency=15m
1,2023-02-08,2023-Q1,258.86,https://finance.yahoo.com/quote/MSFT?latency=15m
1,2023-02-09,2023-Q1,255.84,https://finance.yahoo.com/quote/MSFT?latency=15m
1,2023-02-10,2023-Q1,255.34,https://finance.yahoo.com/quote/MSFT?latency=15m
1,2023-02-13,2023-Q1,263.31,https://finance.yahoo.com/quote/MSFT?latency=15m
1,2023-02-14,2023-Q1,264.14,https://finance.yahoo.com/quote/MSFT?latency=15m
1,2023-02-15,2023-Q1,262.03,https://finance.yahoo.com/quote/MSFT?latency=15m
1,2023-02-16,2023-Q1,255.05,https://finance.yahoo.com/quote/MSFT?latency=15m
1,2023-02-17,2023-Q1,251.07,https://finance.yahoo.com/quote/MSFT?latency=15m
1,2023-02-21,2023-Q1,245.83,https://finance.yahoo.com/quote/MSFT?latency=15m
1,2023-02-22,2023-Q1,244.7,https://finance.yahoo.com/quote/MSFT?latency=15m
1,2023-02-23,2023-Q1,247.87,https://finance.yahoo.com/quote/MSFT?latency=15m
1,2023-02-24,2023-Q1,242.47,https://finance.yahoo.com/quote/MSFT?latency=15m
1,2023-02-27,2023-Q1,243.39,https://finance.yahoo.com/quote/MSFT?latency=15m
1,2023-02-28,2023-Q1,242.67,https://finance.yahoo.com/quote/MSFT?latency=15m
1,2023-03-01,2023-Q1,239.6,https://finance.yahoo.com/quote/MSFT?latency=15m
1,2023-03-02,2023-Q1,244.31,https://finance.yahoo.com/quote/MSFT?latency=15m
1,2023-03-03,2023-Q1,248.38,https://finance.yahoo.com/quote/MSFT?latency=15m
1,2023-03-06,2023-Q1,249.91,https://finance.yahoo.com/quote/MSFT?latency=15m
1,2023-03-07,2023-Q1,247.27,https://finance.yahoo.com/quote/MSFT?latency=15m
1,2023-03-08,2023-Q1,246.83,https://finance.yahoo.com/quote/MSFT?latency=15m
1,2023-03-09,2023-Q1,245.49,https://finance.yahoo.com/quote/MSFT?latency=15m
1,2023-03-10,2023-Q1,241.86,https://finance.yahoo.com/quote/MSFT?latency=15m
1,2023-03-13,2023-Q1,247.04,https://finance.yahoo.com/quote/MSFT?latency=15m
1,2023-03-14,2023-Q1,253.73,https://finance.yahoo.com/quote/MSFT?latency=15m
1,2023-03-15,2023-Q1,258.25,https://finance.yahoo.com/quote/MSFT?latency=15m
1,2023-03-16,2023-Q1,268.72,https://finance.yahoo.com/quote/MSFT?latency=15m
1,2023-03-17,2023-Q1,271.86,https://finance.yahoo.com/quote/MSFT?latency=15m
1,2023-03-20,2023-Q1,264.86,https://finance.yahoo.com/quote/MSFT?latency=15m
1,2023-03-21,2023-Q1,266.37,https://finance.yahoo.com/quote/MSFT?latency=15m
1,2023-03-22,2023-Q1,264.92,https://finance.yahoo.com/quote/MSFT?latency=15m
1,2023-03-23,2023-Q1,270.14,https://finance.yahoo.com/quote/MSFT?latency=15m
1,2023-03-24,2023-Q1,272.97,https://finance.yahoo.com/quote/MSFT?latency=15m
1,2023-03-27,2023-Q1,268.9,https://finance.yahoo.com/quote/MSFT?latency=15m
1,2023-03-28,2023-Q1,267.78,https://finance.yahoo.com/quote/MSFT?latency=15m
1,2023-03-29,2023-Q1,272.91,https://finance.yahoo.com/quote/MSFT?latency=15m
1,2023-03-30,2023-Q1,276.36,https://finance.yahoo.com/quote/MSFT?latency=15m
1,2023-04-03,2023-Q2,279.45,https://finance.yahoo.com/quote/MSFT?latency=15m
1,2023-04-04,2023-Q2,279.4,https://finance.yahoo.com/quote/MSFT?latency=15m
1,2023-04-05,2023-Q2,276.64,https://finance.yahoo.com/quote/MSFT?latency=15m
1,2023-04-06,2023-Q2,283.7,https://finance.yahoo.com/quote/MSFT?latency=15m
1,2023-04-10,2023-Q2,281.55,https://finance.yahoo.com/quote/MSFT?latency=15m
1,2023-04-11,2023-Q2,275.17,https://finance.yahoo.com/quote/MSFT?latency=15m
1,2023-04-12,2023-Q2,275.81,https://finance.yahoo.com/quote/MSFT?latency=15m
1,2023-04-13,2023-Q2,281.99,https://finance.yahoo.com/quote/MSFT?latency=15m
1,2023-04-14,2023-Q2,278.39,https://finance.yahoo.com/quote/MSFT?latency=15m
1,2023-04-17,2023-Q2,280.98,https://finance.yahoo.com/quote/MSFT?latency=15m
1,2023-04-18,2023-Q2,280.56,https://finance.yahoo.com/quote/MSFT?latency=15m
1,2023-04-19,2023-Q2,280.64,https://finance.yahoo.com/quote/MSFT?latency=15m
1,2023-04-20,2023-Q2,278.36,https://finance.yahoo.com/quote/MSFT?latency=15m
1,2023-04-21,2023-Q2,278.02,https://finance.yahoo.com/quote/MSFT?latency=15m
1,2023-04-24,2023-Q2,274.14,https://finance.yahoo.com/quote/MSFT?latency=15m
1,2023-04-25,2023-Q2,267.96,https://finance.yahoo.com/quote/MSFT?latency=15m
1,2023-04-26,2023-Q2,287.37,https://finance.yahoo.com/quote/MSFT?latency=15m
1,2023-04-27,2023-Q2,296.58,https://finance.yahoo.com/quote/MSFT?latency=15m
1,2023-04-28,2023-Q2,298.94,https://finance.yahoo.com/quote/MSFT?latency=15m
1,2023-05-01,2023-Q2,297.29,https://finance.yahoo.com/quote/MSFT?latency=15m
1,2023-05-02,2023-Q2,297.14,https://finance.yahoo.com/quote/MSFT?latency=15m
1,2023-05-03,2023-Q2,296.16,https://finance.yahoo.com/quote/MSFT?latency=15m
1,2023-05-04,2023-Q2,297.14,https://finance.yahoo.com/quote/MSFT?latency=15m
1,2023-05-05,2023-Q2,302.24,https://finance.yahoo.com/quote/MSFT?latency=15m
1,2023-05-08,2023-Q2,300.29,https://finance.yahoo.com/quote/MSFT?latency=15m
1,2023-05-09,2023-Q2,298.69,https://finance.yahoo.com/quote/MSFT?latency=15m
1,2023-05-10,2023-Q2,303.85,https://finance.yahoo.com/quote/MSFT?latency=15m
1,2023-05-11,2023-Q2,301.71,https://finance.yahoo.com/quote/MSFT?latency=15m
1,2023-05-12,2023-Q2,300.6,https://finance.yahoo.com/quote/MSFT?latency=15m
1,2023-05-15,2023-Q2,301.08,https://finance.yahoo.com/quote/MSFT?latency=15m
1,2023-05-16,2023-Q2,303.3,https://finance.yahoo.com/quote/MSFT?latency=15m
1,2023-05-17,2023-Q2,306.17,https://finance.yahoo.com/quote/MSFT?latency=15m
1,2023-05-18,2023-Q2,310.57,https://finance.yahoo.com/quote/MSFT?latency=15m
1,2023-05-19,2023-Q2,310.4,https://finance.yahoo.com/quote/MSFT?latency=15m
1,2023-05-22,2023-Q2,313.17,https://finance.yahoo.com/quote/MSFT?latency=15m
1,2023-05-23,2023-Q2,307.39,https://finance.yahoo.com/quote/MSFT?latency=15m
1,2023-05-24,2023-Q2,306.02,https://finance.yahoo.com/quote/MSFT?latency=15m
1,2023-05-25,2023-Q2,317.79,https://finance.yahoo.com/quote/MSFT?latency=15m
1,2023-05-26,2023-Q2,324.58,https://finance.yahoo.com/quote/MSFT?latency=15m
1,2023-05-30,2023-Q2,322.95,https://finance.yahoo.com/quote/MSFT?latency=15m
1,2023-05-31,2023-Q2,320.2,https://finance.yahoo.com/quote/MSFT?latency=15m
1,2023-06-01,2023-Q2,324.28,https://finance.yahoo.com/quote/MSFT?latency=15m
1,2023-06-02,2023-Q2,327.03,https://finance.yahoo.com/quote/MSFT?latency=15m
1,2023-06-05,2023-Q2,327.56,https://finance.yahoo.com/quote/MSFT?latency=15m
1,2023-06-06,2023-Q2,325.35,https://finance.yahoo.com/quote/MSFT?latency=15m
1,2023-06-07,2023-Q2,315.31,https://finance.yahoo.com/quote/MSFT?latency=15m
1,2023-06-08,2023-Q2,317.14,https://finance.yahoo.com/quote/MSFT?latency=15m
1,2023-06-09,2023-Q2,318.64,https://finance.yahoo.com/quote/MSFT?latency=15m
1,2023-06-12,2023-Q2,323.57,https://finance.yahoo.com/quote/MSFT?latency=15m
1,2023-06-13,2023-Q2,325.95,https://finance.yahoo.com/quote/MSFT?latency=15m
1,2023-06-14,2023-Q2,328.92,https://finance.yahoo.com/quote/MSFT?latency=15m
1,2023-06-15,2023-Q2,339.41,https://finance.yahoo.com/quote/MSFT?latency=15m
1,2023-06-16,2023-Q2,333.79,https://finance.yahoo.com/quote/MSFT?latency=15m
1,2023-06-20,2023-Q2,329.62,https://finance.yahoo.com/quote/MSFT?latency=15m
1,2023-06-21,2023-Q2,325.24,https://finance.yahoo.com/quote/MSFT?latency=15m
1,2023-06-22,2023-Q2,331.23,https://finance.yahoo.com/quote/MSFT?latency=15m
1,2023-06-23,2023-Q2,326.66,https://finance.yahoo.com/quote/MSFT?latency=15m
1,2023-06-26,2023-Q2,320.4,https://finance.yahoo.com/quote/MSFT?latency=15m
1,2023-06-27,2023-Q2,326.22,https://finance.yahoo.com/quote/MSFT?latency=15m
1,2023-06-28,2023-Q2,327.47,https://finance.yahoo.com/quote/MSFT?latency=15m
1,2023-06-29,2023-Q2,326.69,https://finance.yahoo.com/quote/MSFT?latency=15m
1,2023-07-03,2023-Q3,329.56,https://finance.yahoo.com/quote/MSFT?latency=15m
1,2023-07-05,2023-Q3,329.71,https://finance.yahoo.com/quote/MSFT?latency=15m
1,2023-07-06,2023-Q3,332.76,https://finance.yahoo.com/quote/MSFT?latency=15m
1,2023-07-07,2023-Q3,328.81,https://finance.yahoo.com/quote/MSFT?latency=15m
1,2023-07-10,2023-Q3,323.55,https://finance.yahoo.com/quote/MSFT?latency=15m
1,2023-07-11,2023-Q3,324.17,https://finance.yahoo.com/quote/MSFT?latency=15m
1,2023-07-12,2023-Q3,328.79,https://finance.yahoo.com/quote/MSFT?latency=15m
1,2023-07-13,2023-Q3,334.11,https://finance.yahoo.com/quote/MSFT?latency=15m
1,2023-07-14,2023-Q3,336.63,https://finance.yahoo.com/quote/MSFT?latency=15m
1,2023-07-17,2023-Q3,337.1,https://finance.yahoo.com/quote/MSFT?latency=15m
1,2023-07-18,2023-Q3,350.52,https://finance.yahoo.com/quote/MSFT?latency=15m
1,2023-07-19,2023-Q3,346.22,https://finance.yahoo.com/quote/MSFT?latency=15m
1,2023-07-20,2023-Q3,338.22,https://finance.yahoo.com/quote/MSFT?latency=15m
1,2023-07-21,2023-Q3,335.19,https://finance.yahoo.com/quote/MSFT?latency=15m
1,2023-07-24,2023-Q3,336.5,https://finance.yahoo.com/quote/MSFT?latency=15m
1,2023-07-25,2023-Q3,342.22,https://finance.yahoo.com/quote/MSFT?latency=15m
1,2023-07-26,2023-Q3,329.34,https://finance.yahoo.com/quote/MSFT?latency=15m
1,2023-07-27,2023-Q3,322.47,https://finance.yahoo.com/quote/MSFT?latency=15m
1,2023-07-28,2023-Q3,329.93,https://finance.yahoo.com/quote/MSFT?latency=15m
1,2023-07-31,2023-Q3,327.54,https://finance.yahoo.com/quote/MSFT?latency=15m
1,2023-08-01,2023-Q3,327.95,https://finance.yahoo.com/quote/MSFT?latency=15m
1,2023-08-02,2023-Q3,319.33,https://finance.yahoo.com/quote/MSFT?latency=15m
1,2023-08-03,2023-Q3,318.51,https://finance.yahoo.com/quote/MSFT?latency=15m
1,2023-08-04,2023-Q3,319.6,https://finance.yahoo.com/quote/MSFT?latency=15m
1,2023-08-07,2023-Q3,321.87,https://finance.yahoo.com/quote/MSFT?latency=15m
1,2023-08-08,2023-Q3,317.92,https://finance.yahoo.com/quote/MSFT?latency=15m
1,2023-08-09,2023-Q3,314.19,https://finance.yahoo.com/quote/MSFT?latency=15m
1,2023-08-10,2023-Q3,314.87,https://finance.yahoo.com/quote/MSFT?latency=15m
1,2023-08-11,2023-Q3,313.0,https://finance.yahoo.com/quote/MSFT?latency=15m
1,2023-08-14,2023-Q3,315.96,https://finance.yahoo.com/quote/MSFT?latency=15m
1,2023-08-15,2023-Q3,313.83,https://finance.yahoo.com/quote/MSFT?latency=15m
1,2023-08-16,2023-Q3,313.07,https://finance.yahoo.com/quote/MSFT?latency=15m
1,2023-08-17,2023-Q3,309.63,https://finance.yahoo.com/quote/MSFT?latency=15m
1,2023-08-18,2023-Q3,309.24,https://finance.yahoo.com/quote/MSFT?latency=15m
1,2023-08-21,2023-Q3,314.51,https://finance.yahoo.com/quote/MSFT?latency=15m
1,2023-08-22,2023-Q3,315.08,https://finance.yahoo.com/quote/MSFT?latency=15m
1,2023-08-23,2023-Q3,319.52,https://finance.yahoo.com/quote/MSFT?latency=15m
1,2023-08-24,2023-Q3,312.65,https://finance.yahoo.com/quote/MSFT?latency=15m
1,2023-08-25,2023-Q3,315.59,https://finance.yahoo.com/quote/MSFT?latency=15m
1,2023-08-28,2023-Q3,316.29,https://finance.yahoo.com/quote/MSFT?latency=15m
1,2023-08-29,2023-Q3,320.89,https://finance.yahoo.com/quote/MSFT?latency=15m
1,2023-08-30,2023-Q3,321.27,https://finance.yahoo.com/quote/MSFT?latency=15m
1,2023-08-31,2023-Q3,320.26,https://finance.yahoo.com/quote/MSFT?latency=15m
1,2023-09-01,2023-Q3,321.14,https://finance.yahoo.com/quote/MSFT?latency=15m
1,2023-09-05,2023-Q3,325.92,https://finance.yahoo.com/quote/MSFT?latency=15m
1,2023-09-06,2023-Q3,325.26,https://finance.yahoo.com/quote/MSFT?latency=15m
1,2023-09-07,2023-Q3,322.36,https://finance.yahoo.com/quote/MSFT?latency=15m
1,2023-09-08,2023-Q3,326.62,https://finance.yahoo.com/quote/MSFT?latency=15m
1,2023-09-11,2023-Q3,330.21,https://finance.yahoo.com/quote/MSFT?latency=15m
1,2023-09-12,2023-Q3,324.18,https://finance.yahoo.com/quote/MSFT?latency=15m
1,2023-09-13,2023-Q3,328.37,https://finance.yahoo.com/quote/MSFT?latency=15m
1,2023-09-14,2023-Q3,330.95,https://finance.yahoo.com/quote/MSFT?latency=15m
1,2023-09-15,2023-Q3,322.66,https://finance.yahoo.com/quote/MSFT?latency=15m
1,2023-09-18,2023-Q3,321.53,https://finance.yahoo.com/quote/MSFT?latency=15m
1,2023-09-19,2023-Q3,321.13,https://finance.yahoo.com/quote/MSFT?latency=15m
1,2023-09-20,2023-Q3,313.43,https://finance.yahoo.com/quote/MSFT?latency=15m
1,2023-09-21,2023-Q3,312.22,https://finance.yahoo.com/quote/MSFT?latency=15m
1,2023-09-22,2023-Q3,309.76,https://finance.yahoo.com/quote/MSFT?latency=15m
1,2023-09-25,2023-Q3,310.27,https://finance.yahoo.com/quote/MSFT?latency=15m
1,2023-09-26,2023-Q3,305.0,https://finance.yahoo.com/quote/MSFT?latency=15m
1,2023-09-27,2023-Q3,305.63,https://finance.yahoo.com/quote/MSFT?latency=15m
1,2023-09-28,2023-Q3,306.46,https://finance.yahoo.com/quote/MSFT?latency=15m
1,2023-09-29,2023-Q3,308.52,https://finance.yahoo.com/quote/MSFT?latency=15m
1,2023-10-02,2023-Q4,314.44,https://finance.yahoo.com/quote/MSFT?latency=15m
1,2023-10-03,2023-Q4,306.22,https://finance.yahoo.com/quote/MSFT?latency=15m
1,2023-10-04,2023-Q4,311.66,https://finance.yahoo.com/quote/MSFT?latency=15m
1,2023-10-05,2023-Q4,312.05,https://finance.yahoo.com/quote/MSFT?latency=15m
1,2023-10-06,2023-Q4,319.77,https://finance.yahoo.com/quote/MSFT?latency=15m
1,2023-10-09,2023-Q4,322.27,https://finance.yahoo.com/quote/MSFT?latency=15m
1,2023-10-10,2023-Q4,320.87,https://finance.yahoo.com/quote/MSFT?latency=15m
1,2023-10-11,2023-Q4,324.81,https://finance.yahoo.com/quote/MSFT?latency=15m
1,2023-10-12,2023-Q4,323.58,https://finance.yahoo.com/quote/MSFT?latency=15m
1,2023-10-13,2023-Q4,320.23,https://finance.yahoo.com/quote/MSFT?latency=15m
1,2023-10-16,2023-Q4,325.03,https://finance.yahoo.com/quote/MSFT?latency=15m
1,2023-10-17,2023-Q4,324.46,https://finance.yahoo.com/quote/MSFT?latency=15m
1,2023-10-18,2023-Q4,322.56,https://finance.yahoo.com/quote/MSFT?latency=15m
1,2023-10-19,2023-Q4,323.74,https://finance.yahoo.com/quote/MSFT?latency=15m
1,2023-10-20,2023-Q4,319.19,https://finance.yahoo.com/quote/MSFT?latency=15m
1,2023-10-23,2023-Q4,321.78,https://finance.yahoo.com/quote/MSFT?latency=15m
1,2023-10-24,2023-Q4,322.97,https://finance.yahoo.com/quote/MSFT?latency=15m
1,2023-10-25,2023-Q4,332.87,https://finance.yahoo.com/quote/MSFT?latency=15m
1,2023-10-26,2023-Q4,320.39,https://finance.yahoo.com/quote/MSFT?latency=15m
1,2023-10-27,2023-Q4,322.26,https://finance.yahoo.com/quote/MSFT?latency=15m
1,2023-10-30,2023-Q4,329.59,https://finance.yahoo.com/quote/MSFT?latency=15m
1,2023-10-31,2023-Q4,330.37,https://finance.yahoo.com/quote/MSFT?latency=15m
1,2023-11-01,2023-Q4,338.15,https://finance.yahoo.com/quote/MSFT?latency=15m
1,2023-11-02,2023-Q4,340.35,https://finance.yahoo.com/quote/MSFT?latency=15m
1,2023-11-03,2023-Q4,344.73,https://finance.yahoo.com/quote/MSFT?latency=15m
1,2023-11-06,2023-Q4,348.37,https://finance.yahoo.com/quote/MSFT?latency=15m
1,2023-11-07,2023-Q4,352.28,https://finance.yahoo.com/quote/MSFT?latency=15m
1,2023-11-08,2023-Q4,354.89,https://finance.yahoo.com/quote/MSFT?latency=15m
1,2023-11-09,2023-Q4,352.44,https://finance.yahoo.com/quote/MSFT?latency=15m
1,2023-11-10,2023-Q4,361.21,https://finance.yahoo.com/quote/MSFT?latency=15m
1,2023-11-13,2023-Q4,358.29,https://finance.yahoo.com/quote/MSFT?latency=15m
1,2023-11-14,2023-Q4,361.8,https://finance.yahoo.com/quote/MSFT?latency=15m
1,2023-11-15,2023-Q4,361.94,https://finance.yahoo.com/quote/MSFT?latency=15m
1,2023-11-16,2023-Q4,368.31,https://finance.yahoo.com/quote/MSFT?latency=15m
1,2023-11-17,2023-Q4,362.12,https://finance.yahoo.com/quote/MSFT?latency=15m
1,2023-11-20,2023-Q4,369.55,https://finance.yahoo.com/quote/MSFT?latency=15m
1,2023-11-21,2023-Q4,365.27,https://finance.yahoo.com/quote/MSFT?latency=15m
1,2023-11-22,2023-Q4,369.95,https://finance.yahoo.com/quote/MSFT?latency=15m
1,2023-11-24,2023-Q4,369.54,https://finance.yahoo.com/quote/MSFT?latency=15m
1,2023-11-27,2023-Q4,370.7,https://finance.yahoo.com/quote/MSFT?latency=15m
1,2023-11-28,2023-Q4,374.7,https://finance.yahoo.com/quote/MSFT?latency=15m
1,2023-11-29,2023-Q4,370.93,https://finance.yahoo.com/quote/MSFT?latency=15m
1,2023-11-30,2023-Q4,370.99,https://finance.yahoo.com/quote/MSFT?latency=15m
1,2023-12-01,2023-Q4,366.68,https://finance.yahoo.com/quote/MSFT?latency=15m
1,2023-12-04,2023-Q4,361.42,https://finance.yahoo.com/quote/MSFT?latency=15m
1,2023-12-05,2023-Q4,364.73,https://finance.yahoo.com/quote/MSFT?latency=15m
1,2023-12-06,2023-Q4,361.09,https://finance.yahoo.com/quote/MSFT?latency=15m
1,2023-12-07,2023-Q4,363.2,https://finance.yahoo.com/quote/MSFT?latency=15m
1,2023-12-08,2023-Q4,366.41,https://finance.yahoo.com/quote/MSFT?latency=15m
1,2023-12-11,2023-Q4,363.54,https://finance.yahoo.com/quote/MSFT?latency=15m
1,2023-12-12,2023-Q4,366.55,https://finance.yahoo.com/quote/MSFT?latency=15m
1,2023-12-13,2023-Q4,366.54,https://finance.yahoo.com/quote/MSFT?latency=15m
1,2023-12-14,2023-Q4,358.28,https://finance.yahoo.com/quote/MSFT?latency=15m
1,2023-12-15,2023-Q4,362.98,https://finance.yahoo.com/quote/MSFT?latency=15m
1,2023-12-18,2023-Q4,364.86,https://finance.yahoo.com/quote/MSFT?latency=15m
1,2023-12-19,2023-Q4,365.46,https://finance.yahoo.com/quote/MSFT?latency=15m
1,2023-12-20,2023-Q4,362.87,https://finance.yahoo.com/quote/MSFT?latency=15m
1,2023-12-21,2023-Q4,365.73,https://finance.yahoo.com/quote/MSFT?latency=15m
1,2023-12-22,2023-Q4,366.75,https://finance.yahoo.com/quote/MSFT?latency=15m
1,2023-12-26,2023-Q4,366.83,https://finance.yahoo.com/quote/MSFT?latency=15m
1,2023-12-27,2023-Q4,366.25,https://finance.yahoo.com/quote/MSFT?latency=15m
1,2023-12-28,2023-Q4,367.44,https://finance.yahoo.com/quote/MSFT?latency=15m
1,2023-12-29,2023-Q4,368.18,https://finance.yahoo.com/quote/MSFT?latency=15m
1,2024-01-02,2024-Q1,363.12,https://finance.yahoo.com/quote/MSFT?latency=15m
1,2024-01-03,2024-Q1,362.85,https://finance.yahoo.com/quote/MSFT?latency=15m
1,2024-01-04,2024-Q1,360.25,https://finance.yahoo.com/quote/MSFT?latency=15m
1,2024-01-05,2024-Q1,360.06,https://finance.yahoo.com/quote/MSFT?latency=15m
1,2024-01-08,2024-Q1,366.86,https://finance.yahoo.com/quote/MSFT?latency=15m
1,2024-01-09,2024-Q1,367.94,https://finance.yahoo.com/quote/MSFT?latency=15m
1,2024-01-10,2024-Q1,374.77,https://finance.yahoo.com/quote/MSFT?latency=15m
1,2024-01-11,2024-Q1,376.59,https://finance.yahoo.com/quote/MSFT?latency=15m
1,2024-01-12,2024-Q1,380.35,https://finance.yahoo.com/quote/MSFT?latency=15m
1,2024-01-16,2024-Q1,382.11,https://finance.yahoo.com/quote/MSFT?latency=15m
1,2024-01-17,2024-Q1,381.33,https://finance.yahoo.com/quote/MSFT?latency=15m
1,2024-01-18,2024-Q1,385.64,https://finance.yahoo.com/quote/MSFT?latency=15m
1,2024-01-19,2024-Q1,390.34,https://finance.yahoo.com/quote/MSFT?latency=15m
1,2024-01-22,2024-Q1,388.22,https://finance.yahoo.com/quote/MSFT?latency=15m
1,2024-01-23,2024-Q1,390.56,https://finance.yahoo.com/quote/MSFT?latency=15m
1,2024-01-24,2024-Q1,394.15,https://finance.yahoo.com/quote/MSFT?latency=15m
1,2024-01-25,2024-Q1,396.41,https://finance.yahoo.com/quote/MSFT?latency=15m
1,2024-01-26,2024-Q1,395.49,https://finance.yahoo.com/quote/MSFT?latency=15m
1,2024-01-29,2024-Q1,401.16,https://finance.yahoo.com/quote/MSFT?latency=15m
1,2024-01-30,2024-Q1,400.05,https://finance.yahoo.com/quote/MSFT?latency=15m
1,2024-01-31,2024-Q1,389.27,https://finance.yahoo.com/quote/MSFT?latency=15m
1,2024-02-01,2024-Q1,395.34,https://finance.yahoo.com/quote/MSFT?latency=15m
1,2024-02-02,2024-Q1,402.62,https://finance.yahoo.com/quote/MSFT?latency=15m
1,2024-02-05,2024-Q1,397.17,https://finance.yahoo.com/quote/MSFT?latency=15m
1,2024-02-06,2024-Q1,397.01,https://finance.yahoo.com/quote/MSFT?latency=15m
1,2024-02-07,2024-Q1,405.4,https://finance.yahoo.com/quote/MSFT?latency=15m
1,2024-02-08,2024-Q1,405.45,https://finance.yahoo.com/quote/MSFT?latency=15m
1,2024-02-09,2024-Q1,411.76,https://finance.yahoo.com/quote/MSFT?latency=15m
1,2024-02-12,2024-Q1,406.58,https://finance.yahoo.com/quote/MSFT?latency=15m
1,2024-02-13,2024-Q1,397.83,https://finance.yahoo.com/quote/MSFT?latency=15m
1,2024-02-14,2024-Q1,401.67,https://finance.yahoo.com/quote/MSFT?latency=15m
1,2024-02-15,2024-Q1,398.8,https://finance.yahoo.com/quote/MSFT?latency=15m
1,2024-02-16,2024-Q1,396.35,https://finance.yahoo.com/quote/MSFT?latency=15m
1,2024-02-20,2024-Q1,395.1,https://finance.yahoo.com/quote/MSFT?latency=15m
1,2024-02-21,2024-Q1,394.5,https://finance.yahoo.com/quote/MSFT?latency=15m
1,2024-02-22,2024-Q1,403.79,https://finance.yahoo.com/quote/MSFT?latency=15m
1,2024-02-23,2024-Q1,402.51,https://finance.yahoo.com/quote/MSFT?latency=15m
1,2024-02-26,2024-Q1,399.76,https://finance.yahoo.com/quote/MSFT?latency=15m
1,2024-02-27,2024-Q1,399.7,https://finance.yahoo.com/quote/MSFT?latency=15m
1,2024-02-28,2024-Q1,399.94,https://finance.yahoo.com/quote/MSFT?latency=15m
1,2024-02-29,2024-Q1,405.74,https://finance.yahoo.com/quote/MSFT?latency=15m
1,2024-03-01,2024-Q1,407.57,https://finance.yahoo.com/quote/MSFT?latency=15m
1,2024-03-04,2024-Q1,407.0,https://finance.yahoo.com/quote/MSFT?latency=15m
1,2024-03-05,2024-Q1,394.96,https://finance.yahoo.com/quote/MSFT?latency=15m
1,2024-03-06,2024-Q1,394.41,https://finance.yahoo.com/quote/MSFT?latency=15m
1,2024-03-07,2024-Q1,401.33,https://finance.yahoo.com/quote/MSFT?latency=15m
1,2024-03-08,2024-Q1,398.46,https://finance.yahoo.com/quote/MSFT?latency=15m
1,2024-03-11,2024-Q1,396.8,https://finance.yahoo.com/quote/MSFT?latency=15m
1,2024-03-12,2024-Q1,407.35,https://finance.yahoo.com/quote/MSFT?latency=15m
1,2024-03-13,2024-Q1,407.18,https://finance.yahoo.com/quote/MSFT?latency=15m
1,2024-03-14,2024-Q1,417.1,https://finance.yahoo.com/quote/MSFT?latency=15m
1,2024-03-15,2024-Q1,408.47,https://finance.yahoo.com/quote/MSFT?latency=15m
1,2024-03-18,2024-Q1,409.35,https://finance.yahoo.com/quote/MSFT?latency=15m
1,2024-03-19,2024-Q1,413.36,https://finance.yahoo.com/quote/MSFT?latency=15m
1,2024-03-20,2024-Q1,417.11,https://finance.yahoo.com/quote/MSFT?latency=15m
1,2024-03-21,2024-Q1,421.17,https://finance.yahoo.com/quote/MSFT?latency=15m
1,2024-03-22,2024-Q1,420.55,https://finance.yahoo.com/quote/MSFT?latency=15m
1,2024-03-25,2024-Q1,414.79,https://finance.yahoo.com/quote/MSFT?latency=15m
1,2024-03-26,2024-Q1,413.6,https://finance.yahoo.com/quote/MSFT?latency=15m
1,2024-03-27,2024-Q1,413.38,https://finance.yahoo.com/quote/MSFT?latency=15m
1,2024-03-28,2024-Q1,412.69,https://finance.yahoo.com/quote/MSFT?latency=15m
1,2024-04-01,2024-Q2,416.46,https://finance.yahoo.com/quote/MSFT?latency=15m
1,2024-04-02,2024-Q2,413.39,https://finance.yahoo.com/quote/MSFT?latency=15m
1,2024-04-03,2024-Q2,412.42,https://finance.yahoo.com/quote/MSFT?latency=15m
1,2024-04-04,2024-Q2,409.9,https://finance.yahoo.com/quote/MSFT?latency=15m
1,2024-04-05,2024-Q2,417.4,https://finance.yahoo.com/quote/MSFT?latency=15m
1,2024-04-08,2024-Q2,416.48,https://finance.yahoo.com/quote/MSFT?latency=15m
1,2024-04-09,2024-Q2,418.14,https://finance.yahoo.com/quote/MSFT?latency=15m
1,2024-04-10,2024-Q2,415.18,https://finance.yahoo.com/quote/MSFT?latency=15m
1,2024-04-11,2024-Q2,419.76,https://finance.yahoo.com/quote/MSFT?latency=15m
1,2024-04-12,2024-Q2,413.85,https://finance.yahoo.com/quote/MSFT?latency=15m
1,2024-04-15,2024-Q2,405.74,https://finance.yahoo.com/quote/MSFT?latency=15m
1,2024-04-16,2024-Q2,406.66,https://finance.yahoo.com/quote/MSFT?latency=15m
1,2024-04-17,2024-Q2,403.98,https://finance.yahoo.com/quote/MSFT?latency=15m
1,2024-04-18,2024-Q2,396.55,https://finance.yahoo.com/quote/MSFT?latency=15m
1,2024-04-19,2024-Q2,391.5,https://finance.yahoo.com/quote/MSFT?latency=15m
1,2024-04-22,2024-Q2,393.3,https://finance.yahoo.com/quote/MSFT?latency=15m
1,2024-04-23,2024-Q2,399.79,https://finance.yahoo.com/quote/MSFT?latency=15m
1,2024-04-24,2024-Q2,401.25,https://finance.yahoo.com/quote/MSFT?latency=15m
1,2024-04-25,2024-Q2,391.42,https://finance.yahoo.com/quote/MSFT?latency=15m
1,2024-04-26,2024-Q2,398.56,https://finance.yahoo.com/quote/MSFT?latency=15m
1,2024-04-29,2024-Q2,394.57,https://finance.yahoo.com/quote/MSFT?latency=15m
1,2024-04-30,2024-Q2,381.9,https://finance.yahoo.com/quote/MSFT?latency=15m
1,2024-05-01,2024-Q2,387.4,https://finance.yahoo.com/quote/MSFT?latency=15m
1,2024-05-02,2024-Q2,390.24,https://finance.yahoo.com/quote/MSFT?latency=15m
1,2024-05-03,2024-Q2,398.9,https://finance.yahoo.com/quote/MSFT?latency=15m
1,2024-05-06,2024-Q2,405.64,https://finance.yahoo.com/quote/MSFT?latency=15m
1,2024-05-07,2024-Q2,401.52,https://finance.yahoo.com/quote/MSFT?latency=15m
1,2024-05-08,2024-Q2,402.7,https://finance.yahoo.com/quote/MSFT?latency=15m
1,2024-05-09,2024-Q2,404.45,https://finance.yahoo.com/quote/MSFT?latency=15m
1,2024-05-10,2024-Q2,406.82,https://finance.yahoo.com/quote/MSFT?latency=15m
1,2024-05-13,2024-Q2,405.82,https://finance.yahoo.com/quote/MSFT?latency=15m
1,2024-05-14,2024-Q2,408.61,https://finance.yahoo.com/quote/MSFT?latency=15m
1,2024-05-15,2024-Q2,415.75,https://finance.yahoo.com/quote/MSFT?latency=15m
1,2024-05-16,2024-Q2,413.7,https://finance.yahoo.com/quote/MSFT?latency=15m
1,2024-05-17,2024-Q2,412.93,https://finance.yahoo.com/quote/MSFT?latency=15m
1,2024-05-20,2024-Q2,417.97,https://finance.yahoo.com/quote/MSFT?latency=15m
1,2024-05-21,2024-Q2,421.61,https://finance.yahoo.com/quote/MSFT?latency=15m
1,2024-05-22,2024-Q2,423.06,https://finance.yahoo.com/quote/MSFT?latency=15m
1,2024-05-23,2024-Q2,419.6,https://finance.yahoo.com/quote/MSFT?latency=15m
1,2024-05-24,2024-Q2,422.71,https://finance.yahoo.com/quote/MSFT?latency=15m
1,2024-05-28,2024-Q2,422.87,https://finance.yahoo.com/quote/MSFT?latency=15m
1,2024-05-29,2024-Q2,421.74,https://finance.yahoo.com/quote/MSFT?latency=15m
1,2024-05-30,2024-Q2,407.49,https://finance.yahoo.com/quote/MSFT?latency=15m
1,2024-05-31,2024-Q2,407.94,https://finance.yahoo.com/quote/MSFT?latency=15m
1,2024-06-03,2024-Q2,406.36,https://finance.yahoo.com/quote/MSFT?latency=15m
1,2024-06-04,2024-Q2,408.86,https://finance.yahoo.com/quote/MSFT?latency=15m
1,2024-06-05,2024-Q2,416.67,https://finance.yahoo.com/quote/MSFT?latency=15m
1,2024-06-06,2024-Q2,417.17,https://finance.yahoo.com/quote/MSFT?latency=15m
1,2024-06-07,2024-Q2,416.51,https://finance.yahoo.com/quote/MSFT?latency=15m
1,2024-06-10,2024-Q2,420.46,https://finance.yahoo.com/quote/MSFT?latency=15m
1,2024-06-11,2024-Q2,425.18,https://finance.yahoo.com/quote/MSFT?latency=15m
1,2024-06-12,2024-Q2,433.42,https://finance.yahoo.com/quote/MSFT?latency=15m
1,2024-06-13,2024-Q2,433.93,https://finance.yahoo.com/quote/MSFT?latency=15m
1,2024-06-14,2024-Q2,434.9,https://finance.yahoo.com/quote/MSFT?latency=15m
1,2024-06-17,2024-Q2,440.6,https://finance.yahoo.com/quote/MSFT?latency=15m
1,2024-06-18,2024-Q2,438.61,https://finance.yahoo.com/quote/MSFT?latency=15m
1,2024-06-20,2024-Q2,437.98,https://finance.yahoo.com/quote/MSFT?latency=15m
1,2024-06-21,2024-Q2,441.99,https://finance.yahoo.com/quote/MSFT?latency=15m
1,2024-06-24,2024-Q2,439.92,https://finance.yahoo.com/quote/MSFT?latency=15m
1,2024-06-25,2024-Q2,443.14,https://finance.yahoo.com/quote/MSFT?latency=15m
1,2024-06-26,2024-Q2,444.33,https://finance.yahoo.com/quote/MSFT?latency=15m
1,2024-06-27,2024-Q2,445.01,https://finance.yahoo.com/quote/MSFT?latency=15m
1,2024-06-28,2024-Q2,439.21,https://finance.yahoo.com/quote/MSFT?latency=15m
1,2024-07-01,2024-Q3,448.82,https://finance.yahoo.com/quote/MSFT?latency=15m
1,2024-07-02,2024-Q3,451.32,https://finance.yahoo.com/quote/MSFT?latency=15m
1,2024-07-03,2024-Q3,452.79,https://finance.yahoo.com/quote/MSFT?latency=15m
1,2024-07-05,2024-Q3,459.46,https://finance.yahoo.com/quote/MSFT?latency=15m
1,2024-07-08,2024-Q3,458.16,https://finance.yahoo.com/quote/MSFT?latency=15m
1,2024-07-09,2024-Q3,451.58,https://finance.yahoo.com/quote/MSFT?latency=15m
1,2024-07-10,2024-Q3,458.17,https://finance.yahoo.com/quote/MSFT?latency=15m
1,2024-07-11,2024-Q3,446.82,https://finance.yahoo.com/quote/MSFT?latency=15m
1,2024-07-12,2024-Q3,445.69,https://finance.yahoo.com/quote/MSFT?latency=15m
1,2024-07-15,2024-Q3,446.1,https://finance.yahoo.com/quote/MSFT?latency=15m
1,2024-07-16,2024-Q3,441.73,https://finance.yahoo.com/quote/MSFT?latency=15m
1,2024-07-17,2024-Q3,435.84,https://finance.yahoo.com/quote/MSFT?latency=15m
1,2024-07-18,2024-Q3,432.74,https://finance.yahoo.com/quote/MSFT?latency=15m
1,2024-07-19,2024-Q3,429.54,https://finance.yahoo.com/quote/MSFT?latency=15m
1,2024-07-22,2024-Q3,435.27,https://finance.yahoo.com/quote/MSFT?latency=15m
1,2024-07-23,2024-Q3,437.14,https://finance.yahoo.com/quote/MSFT?latency=15m
1,2024-07-24,2024-Q3,421.47,https://finance.yahoo.com/quote/MSFT?latency=15m
1,2024-07-25,2024-Q3,411.15,https://finance.yahoo.com/quote/MSFT?latency=15m
1,2024-07-26,2024-Q3,417.9,https://finance.yahoo.com/quote/MSFT?latency=15m
1,2024-07-29,2024-Q3,419.34,https://finance.yahoo.com/quote/MSFT?latency=15m
1,2024-07-30,2024-Q3,415.59,https://finance.yahoo.com/quote/MSFT?latency=15m
1,2024-07-31,2024-Q3,411.1,https://finance.yahoo.com/quote/MSFT?latency=15m
1,2024-08-01,2024-Q3,409.88,https://finance.yahoo.com/quote/MSFT?latency=15m
1,2024-08-02,2024-Q3,401.41,https://finance.yahoo.com/quote/MSFT?latency=15m
1,2024-08-05,2024-Q3,388.31,https://finance.yahoo.com/quote/MSFT?latency=15m
1,2024-08-06,2024-Q3,392.69,https://finance.yahoo.com/quote/MSFT?latency=15m
1,2024-08-07,2024-Q3,391.53,https://finance.yahoo.com/quote/MSFT?latency=15m
1,2024-08-08,2024-Q3,395.71,https://finance.yahoo.com/quote/MSFT?latency=15m
1,2024-08-09,2024-Q3,398.99,https://finance.yahoo.com/quote/MSFT?latency=15m
1,2024-08-12,2024-Q3,399.76,https://finance.yahoo.com/quote/MSFT?latency=15m
1,2024-08-13,2024-Q3,406.84,https://finance.yahoo.com/quote/MSFT?latency=15m
1,2024-08-14,2024-Q3,409.64,https://finance.yahoo.com/quote/MSFT?latency=15m
1,2024-08-15,2024-Q3,414.48,https://finance.yahoo.com/quote/MSFT?latency=15m
1,2024-08-16,2024-Q3,411.96,https://finance.yahoo.com/quote/MSFT?latency=15m
1,2024-08-19,2024-Q3,414.97,https://finance.yahoo.com/quote/MSFT?latency=15m
1,2024-08-20,2024-Q3,418.19,https://finance.yahoo.com/quote/MSFT?latency=15m
1,2024-08-21,2024-Q3,417.54,https://finance.yahoo.com/quote/MSFT?latency=15m
1,2024-08-22,2024-Q3,409.09,https://finance.yahoo.com/quote/MSFT?latency=15m
1,2024-08-23,2024-Q3,410.31,https://finance.yahoo.com/quote/MSFT?latency=15m
1,2024-08-26,2024-Q3,407.06,https://finance.yahoo.com/quote/MSFT?latency=15m
1,2024-08-27,2024-Q3,407.4,https://finance.yahoo.com/quote/MSFT?latency=15m
1,2024-08-28,2024-Q3,404.21,https://finance.yahoo.com/quote/MSFT?latency=15m
1,2024-08-29,2024-Q3,406.7,https://finance.yahoo.com/quote/MSFT?latency=15m
1,2024-08-30,2024-Q3,410.65,https://finance.yahoo.com/quote/MSFT?latency=15m
1,2024-09-03,2024-Q3,403.07,https://finance.yahoo.com/quote/MSFT?latency=15m
1,2024-09-04,2024-Q3,402.54,https://finance.yahoo.com/quote/MSFT?latency=15m
1,2024-09-05,2024-Q3,402.04,https://finance.yahoo.com/quote/MSFT?latency=15m
1,2024-09-06,2024-Q3,395.45,https://finance.yahoo.com/quote/MSFT?latency=15m
1,2024-09-09,2024-Q3,399.41,https://finance.yahoo.com/quote/MSFT?latency=15m
1,2024-09-10,2024-Q3,407.76,https://finance.yahoo.com/quote/MSFT?latency=15m
1,2024-09-11,2024-Q3,416.46,https://finance.yahoo.com/quote/MSFT?latency=15m
1,2024-09-12,2024-Q3,420.36,https://finance.yahoo.com/quote/MSFT?latency=15m
1,2024-09-13,2024-Q3,423.89,https://finance.yahoo.com/quote/MSFT?latency=15m
1,2024-09-16,2024-Q3,424.63,https://finance.yahoo.com/quote/MSFT?latency=15m
1,2024-09-17,2024-Q3,428.38,https://finance.yahoo.com/quote/MSFT?latency=15m
1,2024-09-18,2024-Q3,424.11,https://finance.yahoo.com/quote/MSFT?latency=15m
1,2024-09-19,2024-Q3,431.87,https://finance.yahoo.com/quote/MSFT?latency=15m
1,2024-09-20,2024-Q3,428.5,https://finance.yahoo.com/quote/MSFT?latency=15m
1,2024-09-23,2024-Q3,426.77,https://finance.yahoo.com/quote/MSFT?latency=15m
1,2024-09-24,2024-Q3,422.5,https://finance.yahoo.com/quote/MSFT?latency=15m
1,2024-09-25,2024-Q3,425.39,https://finance.yahoo.com/quote/MSFT?latency=15m
1,2024-09-26,2024-Q3,424.6,https://finance.yahoo.com/quote/MSFT?latency=15m
1,2024-09-27,2024-Q3,421.36,https://finance.yahoo.com/quote/MSFT?latency=15m
1,2024-10-01,2024-Q4,414.15,https://finance.yahoo.com/quote/MSFT?latency=15m
1,2024-10-02,2024-Q4,410.64,https://finance.yahoo.com/quote/MSFT?latency=15m
1,2024-10-03,2024-Q4,410.06,https://finance.yahoo.com/quote/MSFT?latency=15m
1,2024-10-04,2024-Q4,409.59,https://finance.yahoo.com/quote/MSFT?latency=15m
1,2024-10-07,2024-Q4,403.17,https://finance.yahoo.com/quote/MSFT?latency=15m
1,2024-10-08,2024-Q4,408.26,https://finance.yahoo.com/quote/MSFT?latency=15m
1,2024-10-09,2024-Q4,410.97,https://finance.yahoo.com/quote/MSFT?latency=15m
1,2024-10-10,2024-Q4,409.37,https://finance.yahoo.com/quote/MSFT?latency=15m
1,2024-10-11,2024-Q4,409.85,https://finance.yahoo.com/quote/MSFT?latency=15m
1,2024-10-14,2024-Q4,412.62,https://finance.yahoo.com/quote/MSFT?latency=15m
1,2024-10-15,2024-Q4,412.23,https://finance.yahoo.com/quote/MSFT?latency=15m
1,2024-10-16,2024-Q4,409.65,https://finance.yahoo.com/quote/MSFT?latency=15m
1,2024-10-17,2024-Q4,410.24,https://finance.yahoo.com/quote/MSFT?latency=15m
1,2024-10-18,2024-Q4,411.66,https://finance.yahoo.com/quote/MSFT?latency=15m
1,2024-10-21,2024-Q4,412.27,https://finance.yahoo.com/quote/MSFT?latency=15m
1,2024-10-22,2024-Q4,420.86,https://finance.yahoo.com/quote/MSFT?latency=15m
1,2024-10-23,2024-Q4,418.0,https://finance.yahoo.com/quote/MSFT?latency=15m
1,2024-10-24,2024-Q4,418.12,https://finance.yahoo.com/quote/MSFT?latency=15m
1,2024-10-25,2024-Q4,421.49,https://finance.yahoo.com/quote/MSFT?latency=15m
1,2024-10-28,2024-Q4,419.96,https://finance.yahoo.com/quote/MSFT?latency=15m
1,2024-10-29,2024-Q4,425.23,https://finance.yahoo.com/quote/MSFT?latency=15m
1,2024-10-30,2024-Q4,425.8,https://finance.yahoo.com/quote/MSFT?latency=15m
1,2024-10-31,2024-Q4,400.03,https://finance.yahoo.com/quote/MSFT?latency=15m
1,2024-11-01,2024-Q4,403.99,https://finance.yahoo.com/quote/MSFT?latency=15m
1,2024-11-04,2024-Q4,402.11,https://finance.yahoo.com/quote/MSFT?latency=15m
1,2024-11-05,2024-Q4,405.06,https://finance.yahoo.com/quote/MSFT?latency=15m
1,2024-11-06,2024-Q4,413.65,https://finance.yahoo.com/quote/MSFT?latency=15m
1,2024-11-07,2024-Q4,418.81,https://finance.yahoo.com/quote/MSFT?latency=15m
1,2024-11-08,2024-Q4,415.97,https://finance.yahoo.com/quote/MSFT?latency=15m
1,2024-11-11,2024-Q4,411.51,https://finance.yahoo.com/quote/MSFT?latency=15m
1,2024-11-12,2024-Q4,416.45,https://finance.yahoo.com/quote/MSFT?latency=15m
1,2024-11-13,2024-Q4,418.59,https://finance.yahoo.com/quote/MSFT?latency=15m
1,2024-11-14,2024-Q4,420.25,https://finance.yahoo.com/quote/MSFT?latency=15m
1,2024-11-15,2024-Q4,408.55,https://finance.yahoo.com/quote/MSFT?latency=15m
1,2024-11-18,2024-Q4,409.29,https://finance.yahoo.com/quote/MSFT?latency=15m
1,2024-11-19,2024-Q4,411.29,https://finance.yahoo.com/quote/MSFT?latency=15m
1,2024-11-20,2024-Q4,409.03,https://finance.yahoo.com/quote/MSFT?latency=15m
1,2024-11-21,2024-Q4,407.26,https://finance.yahoo.com/quote/MSFT?latency=15m
1,2024-11-22,2024-Q4,411.34,https://finance.yahoo.com/quote/MSFT?latency=15m
1,2024-11-25,2024-Q4,413.1,https://finance.yahoo.com/quote/MSFT?latency=15m
1,2024-11-26,2024-Q4,422.18,https://finance.yahoo.com/quote/MSFT?latency=15m
1,2024-11-27,2024-Q4,417.25,https://finance.yahoo.com/quote/MSFT?latency=15m
1,2024-11-29,2024-Q4,417.71,https://finance.yahoo.com/quote/MSFT?latency=15m
1,2024-12-02,2024-Q4,425.13,https://finance.yahoo.com/quote/MSFT?latency=15m
1,2024-12-03,2024-Q4,425.34,https://finance.yahoo.com/quote/MSFT?latency=15m
1,2024-12-04,2024-Q4,431.48,https://finance.yahoo.com/quote/MSFT?latency=15m
1,2024-12-05,2024-Q4,436.61,https://finance.yahoo.com/quote/MSFT?latency=15m
1,2024-12-06,2024-Q4,437.55,https://finance.yahoo.com/quote/MSFT?latency=15m
1,2024-12-09,2024-Q4,439.96,https://finance.yahoo.com/quote/MSFT?latency=15m
1,2024-12-10,2024-Q4,437.31,https://finance.yahoo.com/quote/MSFT?latency=15m
1,2024-12-11,2024-Q4,442.89,https://finance.yahoo.com/quote/MSFT?latency=15m
1,2024-12-12,2024-Q4,443.45,https://finance.yahoo.com/quote/MSFT?latency=15m
1,2024-12-13,2024-Q4,441.2,https://finance.yahoo.com/quote/MSFT?latency=15m
1,2024-12-16,2024-Q4,445.46,https://finance.yahoo.com/quote/MSFT?latency=15m
1,2024-12-17,2024-Q4,448.29,https://finance.yahoo.com/quote/MSFT?latency=15m
1,2024-12-18,2024-Q4,431.45,https://finance.yahoo.com/quote/MSFT?latency=15m
1,2024-12-19,2024-Q4,431.09,https://finance.yahoo.com/quote/MSFT?latency=15m
1,2024-12-20,2024-Q4,430.67,https://finance.yahoo.com/quote/MSFT?latency=15m
1,2024-12-23,2024-Q4,429.34,https://finance.yahoo.com/quote/MSFT?latency=15m
1,2024-12-24,2024-Q4,433.36,https://finance.yahoo.com/quote/MSFT?latency=15m
1,2024-12-26,2024-Q4,432.16,https://finance.yahoo.com/quote/MSFT?latency=15m
1,2024-12-27,2024-Q4,424.68,https://finance.yahoo.com/quote/MSFT?latency=15m
1,2024-12-30,2024-Q4,419.06,https://finance.yahoo.com/quote/MSFT?latency=15m
1,2025-01-02,2025-Q1,412.9,https://finance.yahoo.com/quote/MSFT?latency=15m
1,2025-01-03,2025-Q1,417.6,https://finance.yahoo.com/quote/MSFT?latency=15m
1,2025-01-06,2025-Q1,422.04,https://finance.yahoo.com/quote/MSFT?latency=15m
1,2025-01-07,2025-Q1,416.63,https://finance.yahoo.com/quote/MSFT?latency=15m
1,2025-01-08,2025-Q1,418.79,https://finance.yahoo.com/quote/MSFT?latency=15m
1,2025-01-10,2025-Q1,413.26,https://finance.yahoo.com/quote/MSFT?latency=15m
1,2025-01-13,2025-Q1,411.52,https://finance.yahoo.com/quote/MSFT?latency=15m
1,2025-01-14,2025-Q1,410.02,https://finance.yahoo.com/quote/MSFT?latency=15m
1,2025-01-15,2025-Q1,420.52,https://finance.yahoo.com/quote/MSFT?latency=15m
1,2025-01-16,2025-Q1,418.81,https://finance.yahoo.com/quote/MSFT?latency=15m
1,2025-01-17,2025-Q1,423.2,https://finance.yahoo.com/quote/MSFT?latency=15m
1,2025-01-21,2025-Q1,422.68,https://finance.yahoo.com/quote/MSFT?latency=15m
1,2025-01-22,2025-Q1,440.14,https://finance.yahoo.com/quote/MSFT?latency=15m
1,2025-01-23,2025-Q1,440.64,https://finance.yahoo.com/quote/MSFT?latency=15m
1,2025-01-24,2025-Q1,438.03,https://finance.yahoo.com/quote/MSFT?latency=15m
1,2025-01-27,2025-Q1,428.66,https://finance.yahoo.com/quote/MSFT?latency=15m
1,2025-01-28,2025-Q1,441.13,https://finance.yahoo.com/quote/MSFT?latency=15m
1,2025-01-29,2025-Q1,436.32,https://finance.yahoo.com/quote/MSFT?latency=15m
1,2025-01-30,2025-Q1,409.35,https://finance.yahoo.com/quote/MSFT?latency=15m
1,2025-01-31,2025-Q1,409.42,https://finance.yahoo.com/quote/MSFT?latency=15m
1,2025-02-03,2025-Q1,405.34,https://finance.yahoo.com/quote/MSFT?latency=15m
1,2025-02-04,2025-Q1,406.77,https://finance.yahoo.com/quote/MSFT?latency=15m
1,2025-02-05,2025-Q1,407.68,https://finance.yahoo.com/quote/MSFT?latency=15m
1,2025-02-06,2025-Q1,410.17,https://finance.yahoo.com/quote/MSFT?latency=15m
1,2025-02-07,2025-Q1,404.19,https://finance.yahoo.com/quote/MSFT?latency=15m
1,2025-02-10,2025-Q1,406.62,https://finance.yahoo.com/quote/MSFT?latency=15m
1,2025-02-11,2025-Q1,405.85,https://finance.yahoo.com/quote/MSFT?latency=15m
1,2025-02-12,2025-Q1,403.48,https://finance.yahoo.com/quote/MSFT?latency=15m
1,2025-02-13,2025-Q1,404.96,https://finance.yahoo.com/quote/MSFT?latency=15m
1,2025-02-14,2025-Q1,402.88,https://finance.yahoo.com/quote/MSFT?latency=15m
1,2025-02-18,2025-Q1,404.08,https://finance.yahoo.com/quote/MSFT?latency=15m
1,2025-02-19,2025-Q1,409.14,https://finance.yahoo.com/quote/MSFT?latency=15m
1,2025-02-20,2025-Q1,411.3,https://finance.yahoo.com/quote/MSFT?latency=15m
1,2025-02-21,2025-Q1,403.47,https://finance.yahoo.com/quote/MSFT?latency=15m
1,2025-02-24,2025-Q1,399.31,https://finance.yahoo.com/quote/MSFT?latency=15m
1,2025-02-25,2025-Q1,393.28,https://finance.yahoo.com/quote/MSFT?latency=15m
1,2025-02-26,2025-Q1,395.09,https://finance.yahoo.com/quote/MSFT?latency=15m
1,2025-02-27,2025-Q1,387.98,https://finance.yahoo.com/quote/MSFT?latency=15m
1,2025-02-28,2025-Q1,392.38,https://finance.yahoo.com/quote/MSFT?latency=15m
1,2025-03-03,2025-Q1,383.98,https://finance.yahoo.com/quote/MSFT?latency=15m
1,2025-03-04,2025-Q1,384.1,https://finance.yahoo.com/quote/MSFT?latency=15m
1,2025-03-05,2025-Q1,396.37,https://finance.yahoo.com/quote/MSFT?latency=15m
1,2025-03-06,2025-Q1,392.28,https://finance.yahoo.com/quote/MSFT?latency=15m
1,2025-03-07,2025-Q1,388.75,https://finance.yahoo.com/quote/MSFT?latency=15m
1,2025-03-10,2025-Q1,375.75,https://finance.yahoo.com/quote/MSFT?latency=15m
1,2025-03-11,2025-Q1,376.04,https://finance.yahoo.com/quote/MSFT?latency=15m
1,2025-03-12,2025-Q1,378.82,https://finance.yahoo.com/quote/MSFT?latency=15m
1,2025-03-13,2025-Q1,374.38,https://finance.yahoo.com/quote/MSFT?latency=15m
1,2025-03-14,2025-Q1,384.05,https://finance.yahoo.com/quote/MSFT?latency=15m
1,2025-03-17,2025-Q1,384.19,https://finance.yahoo.com/quote/MSFT?latency=15m
1,2025-03-18,2025-Q1,379.07,https://finance.yahoo.com/quote/MSFT?latency=15m
1,2025-03-19,2025-Q1,383.32,https://finance.yahoo.com/quote/MSFT?latency=15m
1,2025-03-20,2025-Q1,382.35,https://finance.yahoo.com/quote/MSFT?latency=15m
1,2025-03-21,2025-Q1,386.72,https://finance.yahoo.com/quote/MSFT?latency=15m
1,2025-03-24,2025-Q1,388.52,https://finance.yahoo.com/quote/MSFT?latency=15m
1,2025-03-25,2025-Q1,390.57,https://finance.yahoo.com/quote/MSFT?latency=15m
1,2025-03-26,2025-Q1,385.45,https://finance.yahoo.com/quote/MSFT?latency=15m
1,2025-03-27,2025-Q1,386.05,https://finance.yahoo.com/quote/MSFT?latency=15m
1,2025-03-28,2025-Q1,374.4,https://finance.yahoo.com/quote/MSFT?latency=15m
1,2025-04-01,2025-Q2,377.76,https://finance.yahoo.com/quote/MSFT?latency=15m
1,2025-04-02,2025-Q2,377.71,https://finance.yahoo.com/quote/MSFT?latency=15m
1,2025-04-03,2025-Q2,368.78,https://finance.yahoo.com/quote/MSFT?latency=15m
1,2025-04-04,2025-Q2,355.66,https://finance.yahoo.com/quote/MSFT?latency=15m
1,2025-04-07,2025-Q2,353.71,https://finance.yahoo.com/quote/MSFT?latency=15m
1,2025-04-08,2025-Q2,350.45,https://finance.yahoo.com/quote/MSFT?latency=15m
1,2025-04-09,2025-Q2,385.96,https://finance.yahoo.com/quote/MSFT?latency=15m
1,2025-04-10,2025-Q2,376.93,https://finance.yahoo.com/quote/MSFT?latency=15m
1,2025-04-11,2025-Q2,383.94,https://finance.yahoo.com/quote/MSFT?latency=15m
1,2025-04-14,2025-Q2,383.31,https://finance.yahoo.com/quote/MSFT?latency=15m
1,2025-04-15,2025-Q2,381.25,https://finance.yahoo.com/quote/MSFT?latency=15m
1,2025-04-16,2025-Q2,367.3,https://finance.yahoo.com/quote/MSFT?latency=15m
1,2025-04-17,2025-Q2,363.51,https://finance.yahoo.com/quote/MSFT?latency=15m
1,2025-04-21,2025-Q2,354.95,https://finance.yahoo.com/quote/MSFT?latency=15m
1,2025-04-22,2025-Q2,362.56,https://finance.yahoo.com/quote/MSFT?latency=15m
1,2025-04-23,2025-Q2,370.05,https://finance.yahoo.com/quote/MSFT?latency=15m
1,2025-04-24,2025-Q2,382.81,https://finance.yahoo.com/quote/MSFT?latency=15m
1,2025-04-25,2025-Q2,387.3,https://finance.yahoo.com/quote/MSFT?latency=15m
1,2025-04-28,2025-Q2,386.62,https://finance.yahoo.com/quote/MSFT?latency=15m
1,2025-04-29,2025-Q2,389.47,https://finance.yahoo.com/quote/MSFT?latency=15m
1,2025-04-30,2025-Q2,390.67,https://finance.yahoo.com/quote/MSFT?latency=15m
1,2025-05-01,2025-Q2,420.46,https://finance.yahoo.com/quote/MSFT?latency=15m
1,2025-05-02,2025-Q2,430.23,https://finance.yahoo.com/quote/MSFT?latency=15m
1,2025-05-05,2025-Q2,431.11,https://finance.yahoo.com/quote/MSFT?latency=15m
1,2025-05-06,2025-Q2,428.28,https://finance.yahoo.com/quote/MSFT?latency=15m
1,2025-05-07,2025-Q2,428.32,https://finance.yahoo.com/quote/MSFT?latency=15m
1,2025-05-08,2025-Q2,433.09,https://finance.yahoo.com/quote/MSFT?latency=15m
1,2025-05-09,2025-Q2,433.64,https://finance.yahoo.com/quote/MSFT?latency=15m
1,2025-05-12,2025-Q2,444.05,https://finance.yahoo.com/quote/MSFT?latency=15m
1,2025-05-13,2025-Q2,443.93,https://finance.yahoo.com/quote/MSFT?latency=15m
1,2025-05-14,2025-Q2,447.68,https://finance.yahoo.com/quote/MSFT?latency=15m
1,2025-05-15,2025-Q2,448.69,https://finance.yahoo.com/quote/MSFT?latency=15m
1,2025-05-16,2025-Q2,449.82,https://finance.yahoo.com/quote/MSFT?latency=15m
1,2025-05-19,2025-Q2,454.38,https://finance.yahoo.com/quote/MSFT?latency=15m
1,2025-05-20,2025-Q2,453.69,https://finance.yahoo.com/quote/MSFT?latency=15m
1,2025-05-21,2025-Q2,448.14,https://finance.yahoo.com/quote/MSFT?latency=15m
1,2025-05-22,2025-Q2,450.41,https://finance.yahoo.com/quote/MSFT?latency=15m
1,2025-05-23,2025-Q2,445.77,https://finance.yahoo.com/quote/MSFT?latency=15m
1,2025-05-27,2025-Q2,456.18,https://finance.yahoo.com/quote/MSFT?latency=15m
1,2025-05-28,2025-Q2,452.88,https://finance.yahoo.com/quote/MSFT?latency=15m
1,2025-05-29,2025-Q2,454.19,https://finance.yahoo.com/quote/MSFT?latency=15m
1,2025-05-30,2025-Q2,455.85,https://finance.yahoo.com/quote/MSFT?latency=15m
1,2025-06-02,2025-Q2,457.45,https://finance.yahoo.com/quote/MSFT?latency=15m
1,2025-06-03,2025-Q2,458.44,https://finance.yahoo.com/quote/MSFT?latency=15m
1,2025-06-04,2025-Q2,459.33,https://finance.yahoo.com/quote/MSFT?latency=15m
1,2025-06-05,2025-Q2,463.1,https://finance.yahoo.com/quote/MSFT?latency=15m
1,2025-06-06,2025-Q2,465.78,https://finance.yahoo.com/quote/MSFT?latency=15m
1,2025-06-09,2025-Q2,468.12,https://finance.yahoo.com/quote/MSFT?latency=15m
1,2025-06-10,2025-Q2,466.31,https://finance.yahoo.com/quote/MSFT?latency=15m
1,2025-06-11,2025-Q2,467.99,https://finance.yahoo.com/quote/MSFT?latency=15m
1,2025-06-12,2025-Q2,474.18,https://finance.yahoo.com/quote/MSFT?latency=15m
1,2025-06-13,2025-Q2,470.31,https://finance.yahoo.com/quote/MSFT?latency=15m
1,2025-06-16,2025-Q2,474.45,https://finance.yahoo.com/quote/MSFT?latency=15m
1,2025-06-17,2025-Q2,473.36,https://finance.yahoo.com/quote/MSFT?latency=15m
1,2025-06-18,2025-Q2,475.54,https://finance.yahoo.com/quote/MSFT?latency=15m
1,2025-06-20,2025-Q2,472.73,https://finance.yahoo.com/quote/MSFT?latency=15m
1,2025-06-23,2025-Q2,481.24,https://finance.yahoo.com/quote/MSFT?latency=15m
1,2025-06-24,2025-Q2,485.31,https://finance.yahoo.com/quote/MSFT?latency=15m
1,2025-06-25,2025-Q2,487.45,https://finance.yahoo.com/quote/MSFT?latency=15m
1,2025-06-26,2025-Q2,492.58,https://finance.yahoo.com/quote/MSFT?latency=15m
1,2025-06-27,2025-Q2,491.09,https://finance.yahoo.com/quote/MSFT?latency=15m
1,2025-07-01,2025-Q3,487.23,https://finance.yahoo.com/quote/MSFT?latency=15m
1,2025-07-02,2025-Q3,486.28,https://finance.yahoo.com/quote/MSFT?latency=15m
1,2025-07-03,2025-Q3,493.96,https://finance.yahoo.com/quote/MSFT?latency=15m
1,2025-07-07,2025-Q3,492.85,https://finance.yahoo.com/quote/MSFT?latency=15m
1,2025-07-08,2025-Q3,491.76,https://finance.yahoo.com/quote/MSFT?latency=15m
1,2025-07-09,2025-Q3,498.58,https://finance.yahoo.com/quote/MSFT?latency=15m
1,2025-07-10,2025-Q3,496.57,https://finance.yahoo.com/quote/MSFT?latency=15m
1,2025-07-11,2025-Q3,498.39,https://finance.yahoo.com/quote/MSFT?latency=15m
1,2025-07-14,2025-Q3,498.1,https://finance.yahoo.com/quote/MSFT?latency=15m
1,2025-07-15,2025-Q3,500.87,https://finance.yahoo.com/quote/MSFT?latency=15m
1,2025-07-16,2025-Q3,500.67,https://finance.yahoo.com/quote/MSFT?latency=15m
1,2025-07-17,2025-Q3,506.69,https://finance.yahoo.com/quote/MSFT?latency=15m
1,2025-07-18,2025-Q3,505.06,https://finance.yahoo.com/quote/MSFT?latency=15m
1,2025-07-21,2025-Q3,505.07,https://finance.yahoo.com/quote/MSFT?latency=15m
1,2025-07-22,2025-Q3,500.32,https://finance.yahoo.com/quote/MSFT?latency=15m
1,2025-07-23,2025-Q3,500.92,https://finance.yahoo.com/quote/MSFT?latency=15m
1,2025-07-24,2025-Q3,505.88,https://finance.yahoo.com/quote/MSFT?latency=15m
1,2025-07-25,2025-Q3,508.68,https://finance.yahoo.com/quote/MSFT?latency=15m
1,2025-07-28,2025-Q3,507.48,https://finance.yahoo.com/quote/MSFT?latency=15m
1,2025-07-29,2025-Q3,507.55,https://finance.yahoo.com/quote/MSFT?latency=15m
1,2025-07-30,2025-Q3,508.22,https://finance.yahoo.com/quote/MSFT?latency=15m
1,2025-07-31,2025-Q3,528.28,https://finance.yahoo.com/quote/MSFT?latency=15m
1,2025-08-01,2025-Q3,518.98,https://finance.yahoo.com/quote/MSFT?latency=15m
1,2025-08-04,2025-Q3,530.4,https://finance.yahoo.com/quote/MSFT?latency=15m
1,2025-08-05,2025-Q3,522.58,https://finance.yahoo.com/quote/MSFT?latency=15m
1,2025-08-06,2025-Q3,519.8,https://finance.yahoo.com/quote/MSFT?latency=15m
1,2025-08-07,2025-Q3,515.74,https://finance.yahoo.com/quote/MSFT?latency=15m
1,2025-08-08,2025-Q3,516.93,https://finance.yahoo.com/quote/MSFT?latency=15m
1,2025-08-11,2025-Q3,516.66,https://finance.yahoo.com/quote/MSFT?latency=15m
1,2025-08-12,2025-Q3,524.06,https://finance.yahoo.com/quote/MSFT?latency=15m
1,2025-08-13,2025-Q3,515.48,https://finance.yahoo.com/quote/MSFT?latency=15m
1,2025-08-14,2025-Q3,517.37,https://finance.yahoo.com/quote/MSFT?latency=15m
1,2025-08-15,2025-Q3,515.08,https://finance.yahoo.com/quote/MSFT?latency=15m
1,2025-08-18,2025-Q3,512.04,https://finance.yahoo.com/quote/MSFT?latency=15m
1,2025-08-19,2025-Q3,504.78,https://finance.yahoo.com/quote/MSFT?latency=15m
1,2025-08-20,2025-Q3,500.77,https://finance.yahoo.com/quote/MSFT?latency=15m
1,2025-08-21,2025-Q3,500.13,https://finance.yahoo.com/quote/MSFT?latency=15m
1,2025-08-22,2025-Q3,503.09,https://finance.yahoo.com/quote/MSFT?latency=15m
1,2025-08-25,2025-Q3,500.14,https://finance.yahoo.com/quote/MSFT?latency=15m
1,2025-08-26,2025-Q3,497.94,https://finance.yahoo.com/quote/MSFT?latency=15m
1,2025-08-27,2025-Q3,502.6,https://finance.yahoo.com/quote/MSFT?latency=15m
1,2025-08-28,2025-Q3,505.48,https://finance.yahoo.com/quote/MSFT?latency=15m
1,2025-08-29,2025-Q3,502.56,https://finance.yahoo.com/quote/MSFT?latency=15m
1,2025-09-02,2025-Q3,501.0,https://finance.yahoo.com/quote/MSFT?latency=15m
1,2025-09-03,2025-Q3,501.23,https://finance.yahoo.com/quote/MSFT?latency=15m
1,2025-09-04,2025-Q3,503.82,https://finance.yahoo.com/quote/MSFT?latency=15m
1,2025-09-05,2025-Q3,490.96,https://finance.yahoo.com/quote/MSFT?latency=15m
1,2025-09-08,2025-Q3,494.13,https://finance.yahoo.com/quote/MSFT?latency=15m
1,2025-09-09,2025-Q3,494.34,https://finance.yahoo.com/quote/MSFT?latency=15m
1,2025-09-10,2025-Q3,496.29,https://finance.yahoo.com/quote/MSFT?latency=15m
1,2025-09-11,2025-Q3,496.92,https://finance.yahoo.com/quote/MSFT?latency=15m
1,2025-09-12,2025-Q3,505.74,https://finance.yahoo.com/quote/MSFT?latency=15m
1,2025-09-15,2025-Q3,511.15,https://finance.yahoo.com/quote/MSFT?latency=15m
1,2025-09-16,2025-Q3,504.89,https://finance.yahoo.com/quote/MSFT?latency=15m
1,2025-09-17,2025-Q3,505.86,https://finance.yahoo.com/quote/MSFT?latency=15m
1,2025-09-18,2025-Q3,504.3,https://finance.yahoo.com/quote/MSFT?latency=15m
1,2025-09-19,2025-Q3,513.7,https://finance.yahoo.com/quote/MSFT?latency=15m
1,2025-09-22,2025-Q3,510.25,https://finance.yahoo.com/quote/MSFT?latency=15m
1,2025-09-23,2025-Q3,505.07,https://finance.yahoo.com/quote/MSFT?latency=15m
1,2025-09-24,2025-Q3,505.99,https://finance.yahoo.com/quote/MSFT?latency=15m
1,2025-09-25,2025-Q3,502.89,https://finance.yahoo.com/quote/MSFT?latency=15m
1,2025-09-26,2025-Q3,507.29,https://finance.yahoo.com/quote/MSFT?latency=15m
1,2025-09-29,2025-Q3,510.4,https://finance.yahoo.com/quote/MSFT?latency=15m
1,2025-10-01,2025-Q4,515.47,https://finance.yahoo.com/quote/MSFT?latency=15m
1,2025-10-02,2025-Q4,511.53,https://finance.yahoo.com/quote/MSFT?latency=15m
1,2025-10-03,2025-Q4,513.13,https://finance.yahoo.com/quote/MSFT?latency=15m
1,2025-10-06,2025-Q4,524.26,https://finance.yahoo.com/quote/MSFT?latency=15m
1,2025-10-07,2025-Q4,519.7,https://finance.yahoo.com/quote/MSFT?latency=15m
1,2025-10-08,2025-Q4,520.57,https://finance.yahoo.com/quote/MSFT?latency=15m
1,2025-10-09,2025-Q4,518.14,https://finance.yahoo.com/quote/MSFT?latency=15m
1,2025-10-10,2025-Q4,506.79,https://finance.yahoo.com/quote/MSFT?latency=15m
1,2025-10-13,2025-Q4,509.86,https://finance.yahoo.com/quote/MSFT?latency=15m
1,2025-10-14,2025-Q4,509.38,https://finance.yahoo.com/quote/MSFT?latency=15m
1,2025-10-15,2025-Q4,509.24,https://finance.yahoo.com/quote/MSFT?latency=15m
1,2025-10-16,2025-Q4,507.43,https://finance.yahoo.com/quote/MSFT?latency=15m
1,2025-10-17,2025-Q4,509.39,https://finance.yahoo.com/quote/MSFT?latency=15m
1,2025-10-20,2025-Q4,512.57,https://finance.yahoo.com/quote/MSFT?latency=15m
1,2025-10-21,2025-Q4,513.44,https://finance.yahoo.com/quote/MSFT?latency=15m
1,2025-10-22,2025-Q4,516.29,https://finance.yahoo.com/quote/MSFT?latency=15m
1,2025-10-23,2025-Q4,516.31,https://finance.yahoo.com/quote/MSFT?latency=15m
1,2025-10-24,2025-Q4,519.34,https://finance.yahoo.com/quote/MSFT?latency=15m
1,2025-10-27,2025-Q4,527.18,https://finance.yahoo.com/quote/MSFT?latency=15m
1,2025-10-28,2025-Q4,537.65,https://finance.yahoo.com/quote/MSFT?latency=15m
1,2025-10-29,2025-Q4,537.13,https://finance.yahoo.com/quote/MSFT?latency=15m
1,2025-10-30,2025-Q4,521.47,https://finance.yahoo.com/quote/MSFT?latency=15m
1,2025-10-31,2025-Q4,513.58,https://finance.yahoo.com/quote/MSFT?latency=15m
1,2025-11-03,2025-Q4,512.81,https://finance.yahoo.com/quote/MSFT?latency=15m
1,2025-11-04,2025-Q4,510.13,https://finance.yahoo.com/quote/MSFT?latency=15m
1,2025-11-05,2025-Q4,503.02,https://finance.yahoo.com/quote/MSFT?latency=15m
1,2025-11-06,2025-Q4,493.04,https://finance.yahoo.com/quote/MSFT?latency=15m
1,2025-11-07,2025-Q4,492.77,https://finance.yahoo.com/quote/MSFT?latency=15m
1,2025-11-10,2025-Q4,501.87,https://finance.yahoo.com/quote/MSFT?latency=15m
1,2025-11-11,2025-Q4,504.53,https://finance.yahoo.com/quote/MSFT?latency=15m
1,2025-11-12,2025-Q4,506.97,https://finance.yahoo.com/quote/MSFT?latency=15m
1,2025-11-13,2025-Q4,499.18,https://finance.yahoo.com/quote/MSFT?latency=15m
1,2025-11-14,2025-Q4,506.02,https://finance.yahoo.com/quote/MSFT?latency=15m
1,2025-11-17,2025-Q4,503.35,https://finance.yahoo.com/quote/MSFT?latency=15m
1,2025-11-18,2025-Q4,489.76,https://finance.yahoo.com/quote/MSFT?latency=15m
1,2025-11-19,2025-Q4,483.14,https://finance.yahoo.com/quote/MSFT?latency=15m
1,2025-11-20,2025-Q4,475.41,https://finance.yahoo.com/quote/MSFT?latency=15m
1,2025-11-21,2025-Q4,469.14,https://finance.yahoo.com/quote/MSFT?latency=15m
1,2025-11-24,2025-Q4,471.01,https://finance.yahoo.com/quote/MSFT?latency=15m
1,2025-11-25,2025-Q4,473.98,https://finance.yahoo.com/quote/MSFT?latency=15m
1,2025-11-26,2025-Q4,482.44,https://finance.yahoo.com/quote/MSFT?latency=15m
1,2025-11-28,2025-Q4,488.91,https://finance.yahoo.com/quote/MSFT?latency=15m
1,2025-12-01,2025-Q4,483.67,https://finance.yahoo.com/quote/MSFT?latency=15m
1,2025-12-02,2025-Q4,486.91,https://finance.yahoo.com/quote/MSFT?latency=15m
1,2025-12-03,2025-Q4,474.72,https://finance.yahoo.com/quote/MSFT?latency=15m
1,2025-12-04,2025-Q4,477.81,https://finance.yahoo.com/quote/MSFT?latency=15m
1,2025-12-05,2025-Q4,480.11,https://finance.yahoo.com/quote/MSFT?latency=15m
1,2025-12-08,2025-Q4,487.92,https://finance.yahoo.com/quote/MSFT?latency=15m
1,2025-12-09,2025-Q4,488.92,https://finance.yahoo.com/quote/MSFT?latency=15m
1,2025-12-10,2025-Q4,475.54,https://finance.yahoo.com/quote/MSFT?latency=15m
1,2025-12-11,2025-Q4,480.42,https://finance.yahoo.com/quote/MSFT?latency=15m
1,2025-12-12,2025-Q4,475.51,https://finance.yahoo.com/quote/MSFT?latency=15m
1,2025-12-15,2025-Q4,471.83,https://finance.yahoo.com/quote/MSFT?latency=15m
1,2025-12-16,2025-Q4,473.39,https://finance.yahoo.com/quote/MSFT?latency=15m
1,2025-12-17,2025-Q4,473.12,https://finance.yahoo.com/quote/MSFT?latency=15m
1,2025-12-18,2025-Q4,480.93,https://finance.yahoo.com/quote/MSFT?latency=15m
1,2025-12-19,2025-Q4,482.86,https://finance.yahoo.com/quote/MSFT?latency=15m
1,2025-12-22,2025-Q4,481.86,https://finance.yahoo.com/quote/MSFT?latency=15m
1,2025-12-23,2025-Q4,483.78,https://finance.yahoo.com/quote/MSFT?latency=15m
1,2025-12-24,2025-Q4,484.94,https://finance.yahoo.com/quote/MSFT?latency=15m
1,2025-12-26,2025-Q4,484.64,https://finance.yahoo.com/quote/MSFT?latency=15m
1,2025-12-29,2025-Q4,484.03,https://finance.yahoo.com/quote/MSFT?latency=15m
1,2025-12-30,2025-Q4,484.41,https://finance.yahoo.com/quote/MSFT?latency=15m
1,2026-01-02,2026-Q1,469.96,https://finance.yahoo.com/quote/MSFT?latency=15m
1,2026-01-05,2026-Q1,469.87,https://finance.yahoo.com/quote/MSFT?latency=15m
1,2026-01-06,2026-Q1,475.49,https://finance.yahoo.com/quote/MSFT?latency=15m
1,2026-01-07,2026-Q1,480.42,https://finance.yahoo.com/quote/MSFT?latency=15m
1,2026-01-08,2026-Q1,475.1,https://finance.yahoo.com/quote/MSFT?latency=15m
1,2026-01-09,2026-Q1,476.26,https://finance.yahoo.com/quote/MSFT?latency=15m
1,2026-01-12,2026-Q1,474.17,https://finance.yahoo.com/quote/MSFT?latency=15m
1,2026-01-13,2026-Q1,467.7,https://finance.yahoo.com/quote/MSFT?latency=15m
1,2026-01-14,2026-Q1,456.48,https://finance.yahoo.com/quote/MSFT?latency=15m
1,2026-01-15,2026-Q1,453.78,https://finance.yahoo.com/quote/MSFT?latency=15m
1,2026-01-16,2026-Q1,456.96,https://finance.yahoo.com/quote/MSFT?latency=15m
1,2026-01-20,2026-Q1,451.65,https://finance.yahoo.com/quote/MSFT?latency=15m
1,2026-01-21,2026-Q1,441.31,https://finance.yahoo.com/quote/MSFT?latency=15m
1,2026-01-22,2026-Q1,448.3,https://finance.yahoo.com/quote/MSFT?latency=15m
1,2026-01-23,2026-Q1,463.01,https://finance.yahoo.com/quote/MSFT?latency=15m
1,2026-01-26,2026-Q1,467.32,https://finance.yahoo.com/quote/MSFT?latency=15m
1,2026-01-27,2026-Q1,477.55,https://finance.yahoo.com/quote/MSFT?latency=15m
1,2026-01-28,2026-Q1,478.59,https://finance.yahoo.com/quote/MSFT?latency=15m
1,2026-01-29,2026-Q1,430.77,https://finance.yahoo.com/quote/MSFT?latency=15m
1,2026-01-30,2026-Q1,427.58,https://finance.yahoo.com/quote/MSFT?latency=15m
1,2026-02-02,2026-Q1,420.7,https://finance.yahoo.com/quote/MSFT?latency=15m
1,2026-02-03,2026-Q1,408.62,https://finance.yahoo.com/quote/MSFT?latency=15m
1,2026-02-04,2026-Q1,411.58,https://finance.yahoo.com/quote/MSFT?latency=15m
1,2026-02-05,2026-Q1,391.19,https://finance.yahoo.com/quote/MSFT?latency=15m
1,2026-02-06,2026-Q1,398.61,https://finance.yahoo.com/quote/MSFT?latency=15m
1,2026-02-09,2026-Q1,410.99,https://finance.yahoo.com/quote/MSFT?latency=15m
1,2026-02-10,2026-Q1,410.66,https://finance.yahoo.com/quote/MSFT?latency=15m
1,2026-02-11,2026-Q1,401.82,https://finance.yahoo.com/quote/MSFT?latency=15m
1,2026-02-12,2026-Q1,399.31,https://finance.yahoo.com/quote/MSFT?latency=15m
1,2026-02-13,2026-Q1,398.79,https://finance.yahoo.com/quote/MSFT?latency=15m
1,2026-02-17,2026-Q1,394.36,https://finance.yahoo.com/quote/MSFT?latency=15m
1,2026-02-18,2026-Q1,397.08,https://finance.yahoo.com/quote/MSFT?latency=15m
1,2026-02-19,2026-Q1,396.85,https://finance.yahoo.com/quote/MSFT?latency=15m
1,2026-02-20,2026-Q1,395.63,https://finance.yahoo.com/quote/MSFT?latency=15m
1,2026-02-23,2026-Q1,382.92,https://finance.yahoo.com/quote/MSFT?latency=15m
1,2026-02-24,2026-Q1,387.43,https://finance.yahoo.com/quote/MSFT?latency=15m
1,2026-02-25,2026-Q1,398.98,https://finance.yahoo.com/quote/MSFT?latency=15m
1,2026-02-26,2026-Q1,400.1,https://finance.yahoo.com/quote/MSFT?latency=15m
1,2026-02-27,2026-Q1,391.15,https://finance.yahoo.com/quote/MSFT?latency=15m
1,2026-03-02,2026-Q1,396.94,https://finance.yahoo.com/quote/MSFT?latency=15m
1,2026-03-03,2026-Q1,402.3,https://finance.yahoo.com/quote/MSFT?latency=15m
1,2026-03-04,2026-Q1,403.56,https://finance.yahoo.com/quote/MSFT?latency=15m
1,2026-03-05,2026-Q1,409.02,https://finance.yahoo.com/quote/MSFT?latency=15m
1,2026-03-06,2026-Q1,407.31,https://finance.yahoo.com/quote/MSFT?latency=15m
1,2026-03-09,2026-Q1,407.76,https://finance.yahoo.com/quote/MSFT?latency=15m
1,2026-03-10,2026-Q1,404.12,https://finance.yahoo.com/quote/MSFT?latency=15m
1,2026-03-11,2026-Q1,403.25,https://finance.yahoo.com/quote/MSFT?latency=15m
1,2026-03-12,2026-Q1,400.24,https://finance.yahoo.com/quote/MSFT?latency=15m
1,2026-03-13,2026-Q1,393.95,https://finance.yahoo.com/quote/MSFT?latency=15m
1,2026-03-16,2026-Q1,398.34,https://finance.yahoo.com/quote/MSFT?latency=15m
1,2026-03-17,2026-Q1,397.8,https://finance.yahoo.com/quote/MSFT?latency=15m
1,2026-03-18,2026-Q1,390.21,https://finance.yahoo.com/quote/MSFT?latency=15m
1,2026-03-19,2026-Q1,387.45,https://finance.yahoo.com/quote/MSFT?latency=15m
1,2026-03-20,2026-Q1,380.33,https://finance.yahoo.com/quote/MSFT?latency=15m
1,2026-03-23,2026-Q1,381.45,https://finance.yahoo.com/quote/MSFT?latency=15m
1,2026-03-24,2026-Q1,371.24,https://finance.yahoo.com/quote/MSFT?latency=15m
1,2026-03-25,2026-Q1,369.54,https://finance.yahoo.com/quote/MSFT?latency=15m
1,2026-03-26,2026-Q1,364.49,https://finance.yahoo.com/quote/MSFT?latency=15m
1,2026-03-27,2026-Q1,355.33,https://finance.yahoo.com/quote/MSFT?latency=15m
1,2026-03-30,2026-Q1,357.51,https://finance.yahoo.com/quote/MSFT?latency=15m
1,2026-04-01,2026-Q2,367.88,https://finance.yahoo.com/quote/MSFT?latency=15m
1,2026-04-02,2026-Q2,371.95,https://finance.yahoo.com/quote/MSFT?latency=15m
1,2026-04-06,2026-Q2,371.38,https://finance.yahoo.com/quote/MSFT?latency=15m
1,2026-04-07,2026-Q2,370.79,https://finance.yahoo.com/quote/MSFT?latency=15m
1,2026-04-08,2026-Q2,372.82,https://finance.yahoo.com/quote/MSFT?latency=15m
1,2026-04-09,2026-Q2,371.56,https://finance.yahoo.com/quote/MSFT?latency=15m
1,2026-04-10,2026-Q2,369.37,https://finance.yahoo.com/quote/MSFT?latency=15m
1,2026-04-13,2026-Q2,382.82,https://finance.yahoo.com/quote/MSFT?latency=15m
1,2026-04-14,2026-Q2,391.52,https://finance.yahoo.com/quote/MSFT?latency=15m
1,2026-04-15,2026-Q2,409.56,https://finance.yahoo.com/quote/MSFT?latency=15m
1,2026-04-16,2026-Q2,418.56,https://finance.yahoo.com/quote/MSFT?latency=15m
1,2026-04-17,2026-Q2,421.08,https://finance.yahoo.com/quote/MSFT?latency=15m
1,2026-04-20,2026-Q2,416.38,https://finance.yahoo.com/quote/MSFT?latency=15m
1,2026-04-21,2026-Q2,422.45,https://finance.yahoo.com/quote/MSFT?latency=15m
1,2026-04-22,2026-Q2,431.17,https://finance.yahoo.com/quote/MSFT?latency=15m
1,2026-04-23,2026-Q2,414.07,https://finance.yahoo.com/quote/MSFT?latency=15m
1,2026-04-24,2026-Q2,422.91,https://finance.yahoo.com/quote/MSFT?latency=15m
1,2026-04-27,2026-Q2,423.11,https://finance.yahoo.com/quote/MSFT?latency=15m
1,2026-04-28,2026-Q2,427.52,https://finance.yahoo.com/quote/MSFT?latency=15m
1,2026-04-29,2026-Q2,422.75,https://finance.yahoo.com/quote/MSFT?latency=15m
1,2026-04-30,2026-Q2,406.13,https://finance.yahoo.com/quote/MSFT?latency=15m
1,2026-05-01,2026-Q2,412.77,https://finance.yahoo.com/quote/MSFT?latency=15m
1,2026-05-04,2026-Q2,411.95,https://finance.yahoo.com/quote/MSFT?latency=15m
1,2026-05-05,2026-Q2,409.72,https://finance.yahoo.com/quote/MSFT?latency=15m
1,2026-05-06,2026-Q2,412.29,https://finance.yahoo.com/quote/MSFT?latency=15m
1,2026-05-07,2026-Q2,419.07,https://finance.yahoo.com/quote/MSFT?latency=15m
1,2026-05-08,2026-Q2,413.44,https://finance.yahoo.com/quote/MSFT?latency=15m
1,2026-05-11,2026-Q2,410.99,https://finance.yahoo.com/quote/MSFT?latency=15m
1,2026-05-12,2026-Q2,406.12,https://finance.yahoo.com/quote/MSFT?latency=15m
1,2026-05-13,2026-Q2,403.57,https://finance.yahoo.com/quote/MSFT?latency=15m
1,2026-05-14,2026-Q2,407.78,https://finance.yahoo.com/quote/MSFT?latency=15m
1,2026-05-15,2026-Q2,420.22,https://finance.yahoo.com/quote/MSFT?latency=15m
1,2026-05-18,2026-Q2,421.83,https://finance.yahoo.com/quote/MSFT?latency=15m
1,2026-05-19,2026-Q2,415.74,https://finance.yahoo.com/quote/MSFT?latency=15m
1,2026-05-20,2026-Q2,419.36,https://finance.yahoo.com/quote/MSFT?latency=15m
1,2026-05-21,2026-Q2,418.3,https://finance.yahoo.com/quote/MSFT?latency=15m
1,2026-05-22,2026-Q2,417.78,https://finance.yahoo.com/quote/MSFT?latency=15m
1,2026-05-26,2026-Q2,415.25,https://finance.yahoo.com/quote/MSFT?latency=15m
1,2026-05-27,2026-Q2,411.89,https://finance.yahoo.com/quote/MSFT?latency=15m
1,2026-05-28,2026-Q2,426.19,https://finance.yahoo.com/quote/MSFT?latency=15m
1,2026-05-29,2026-Q2,449.39,https://finance.yahoo.com/quote/MSFT?latency=15m
1,2026-06-01,2026-Q2,459.65,https://finance.yahoo.com/quote/MSFT?latency=15m
1,2026-06-02,2026-Q2,440.48,https://finance.yahoo.com/quote/MSFT?latency=15m
1,2026-06-03,2026-Q2,426.54,https://finance.yahoo.com/quote/MSFT?latency=15m
1,2026-06-04,2026-Q2,427.25,https://finance.yahoo.com/quote/MSFT?latency=15m
1,2026-06-05,2026-Q2,415.89,https://finance.yahoo.com/quote/MSFT?latency=15m
1,2026-06-08,2026-Q2,410.97,https://finance.yahoo.com/quote/MSFT?latency=15m
1,2026-06-09,2026-Q2,402.65,https://finance.yahoo.com/quote/MSFT?latency=15m
1,2026-06-10,2026-Q2,396.61,https://finance.yahoo.com/quote/MSFT?latency=15m
1,2026-06-11,2026-Q2,389.61,https://finance.yahoo.com/quote/MSFT?latency=15m
1,2026-06-12,2026-Q2,390.01,https://finance.yahoo.com/quote/MSFT?latency=15m
1,2026-06-15,2026-Q2,399.01,https://finance.yahoo.com/quote/MSFT?latency=15m
1,2026-06-16,2026-Q2,393.09,https://finance.yahoo.com/quote/MSFT?latency=15m
1,2026-06-17,2026-Q2,378.2,https://finance.yahoo.com/quote/MSFT?latency=15m
1,2026-06-18,2026-Q2,378.69,https://finance.yahoo.com/quote/MSFT?latency=15m
1,2026-06-22,2026-Q2,366.65,https://finance.yahoo.com/quote/MSFT?latency=15m
1,2026-06-23,2026-Q2,373.24,https://finance.yahoo.com/quote/MSFT?latency=15m
1,2026-06-24,2026-Q2,364.77,https://finance.yahoo.com/quote/MSFT?latency=15m
1,2026-06-25,2026-Q2,352.17,https://finance.yahoo.com/quote/MSFT?latency=15m
1,2026-06-26,2026-Q2,372.27,https://finance.yahoo.com/quote/MSFT?latency=15m
1,2026-06-29,2026-Q2,367.88,https://finance.yahoo.com/quote/MSFT?latency=15m
1,2026-07-01,2026-Q3,383.56,https://finance.yahoo.com/quote/MSFT?latency=15m
1,2026-07-02,2026-Q3,389.76,https://finance.yahoo.com/quote/MSFT?latency=15m
1,2026-07-06,2026-Q3,386.01,https://finance.yahoo.com/quote/MSFT?latency=15m
1,2026-07-07,2026-Q3,388.11,https://finance.yahoo.com/quote/MSFT?latency=15m
1,2026-07-08,2026-Q3,382.62,https://finance.yahoo.com/quote/MSFT?latency=15m
1,2026-07-09,2026-Q3,383.64,https://finance.yahoo.com/quote/MSFT?latency=15m
1,2026-07-10,2026-Q3,384.38,https://finance.yahoo.com/quote/MSFT?latency=15m
1,2026-07-13,2026-Q3,390.26,https://finance.yahoo.com/quote/MSFT?latency=15m
1,2026-07-14,2026-Q3,384.21,https://finance.yahoo.com/quote/MSFT?latency=15m
1,2026-07-15,2026-Q3,394.89,https://finance.yahoo.com/quote/MSFT?latency=15m
1,2026-07-16,2026-Q3,400.35,https://finance.yahoo.com/quote/MSFT?latency=15m
1,2026-07-17,2026-Q3,393.08,https://finance.yahoo.com/quote/MSFT?latency=15m
1,2026-07-20,2026-Q3,401.53,https://finance.yahoo.com/quote/MSFT?latency=15m
1,2026-07-21,2026-Q3,397.0,https://finance.yahoo.com/quote/MSFT?latency=15m
1,2026-07-22,2026-Q3,389.61,https://finance.yahoo.com/quote/MSFT?latency=15m
1,2026-07-23,2026-Q3,380.86,https://finance.yahoo.com/quote/MSFT?latency=15m
1,2026-07-24,2026-Q3,380.98,https://finance.yahoo.com/quote/MSFT?latency=15m
1,2026-07-27,2026-Q3,388.37,https://finance.yahoo.com/quote/MSFT?latency=15m
1,2026-07-28,2026-Q3,392.61,https://finance.yahoo.com/quote/MSFT?latency=15m
1,2026-07-29,2026-Q3,389.81,https://finance.yahoo.com/quote/MSFT?latency=15m
1,2026-07-30,2026-Q3,450.25,https://finance.yahoo.com/quote/MSFT?latency=15m
1,2026-07-31,2026-Q3,463.85,https://finance.yahoo.com/quote/MSFT?latency=15m
1,2026-08-03,2026-Q3,486.73,https://finance.yahoo.com/quote/MSFT?latency=15m
1,2026-08-04,2026-Q3,491.88,https://finance.yahoo.com/quote/MSFT?latency=15m
1,2026-08-05,2026-Q3,486.54,https://finance.yahoo.com/quote/MSFT?latency=15m
1,2026-08-06,2026-Q3,498.92,https://finance.yahoo.com/quote/MSFT?latency=15m
1,2026-08-07,2026-Q3,499.05,https://finance.yahoo.com/quote/MSFT?latency=15m
1,2026-08-10,2026-Q3,505.11,https://finance.yahoo.com/quote/MSFT?latency=15m
1,2026-08-11,2026-Q3,502.86,https://finance.yahoo.com/quote/MSFT?latency=15m
1,2026-08-12,2026-Q3,491.5,https://finance.yahoo.com/quote/MSFT?latency=15m
1,2026-08-13,2026-Q3,495.95,https://finance.yahoo.com/quote/MSFT?latency=15m
1,2026-08-14,2026-Q3,494.47,https://finance.yahoo.com/quote/MSFT?latency=15m
1,2026-08-17,2026-Q3,479.45,https://finance.yahoo.com/quote/MSFT?latency=15m
1,2026-08-18,2026-Q3,480.73,https://finance.yahoo.com/quote/MSFT?latency=15m
1,2026-08-19,2026-Q3,483.4,https://finance.yahoo.com/quote/MSFT?latency=15m
1,2026-08-20,2026-Q3,481.15,https://finance.yahoo.com/quote/MSFT?latency=15m
1,2026-08-21,2026-Q3,483.24,https://finance.yahoo.com/quote/MSFT?latency=15m
1,2026-08-24,2026-Q3,487.31,https://finance.yahoo.com/quote/MSFT?latency=15m
1,2026-08-25,2026-Q3,491.71,https://finance.yahoo.com/quote/MSFT?latency=15m
1,2026-08-26,2026-Q3,496.37,https://finance.yahoo.com/quote/MSFT?latency=15m
1,2026-08-27,2026-Q3,505.06,https://finance.yahoo.com/quote/MSFT?latency=15m
1,2026-08-28,2026-Q3,513.53,https://finance.yahoo.com/quote/MSFT?latency=15m
1,2026-08-31,2026-Q3,507.29,https://finance.yahoo.com/quote/MSFT?latency=15m
1,2026-09-01,2026-Q3,501.02,https://finance.yahoo.com/quote/MSFT?latency=15m
1,2026-09-02,2026-Q3,496.82,https://finance.yahoo.com/quote/MSFT?latency=15m
1,2026-09-03,2026-Q3,510.12,https://finance.yahoo.com/quote/MSFT?latency=15m
1,2026-09-04,2026-Q3,499.7,https://finance.yahoo.com/quote/MSFT?latency=15m
1,2026-09-08,2026-Q3,493.95,https://finance.yahoo.com/quote/MSFT?latency=15m
1,2026-09-09,2026-Q3,491.65,https://finance.yahoo.com/quote/MSFT?latency=15m
1,2026-09-10,2026-Q3,492.44,https://finance.yahoo.com/quote/MSFT?latency=15m
1,2026-09-11,2026-Q3,495.63,https://finance.yahoo.com/quote/MSFT?latency=15m
1,2026-09-14,2026-Q3,505.41,https://finance.yahoo.com/quote/MSFT?latency=15m
1,2026-09-15,2026-Q3,497.12,https://finance.yahoo.com/quote/MSFT?latency=15m
1,2026-09-16,2026-Q3,490.3,https://finance.yahoo.com/quote/MSFT?latency=15m
1,2026-09-17,2026-Q3,497.75,https://finance.yahoo.com/quote/MSFT?latency=15m
1,2026-09-18,2026-Q3,493.78,https://finance.yahoo.com/quote/MSFT?latency=15m
1,2026-09-21,2026-Q3,501.61,https://finance.yahoo.com/quote/MSFT?latency=15m
1,2026-09-22,2026-Q3,498.0,https://finance.yahoo.com/quote/MSFT?latency=15m
1,2026-09-23,2026-Q3,500.59,https://finance.yahoo.com/quote/MSFT?latency=15m
1,2026-09-24,2026-Q3,497.93,https://finance.yahoo.com/quote/MSFT?latency=15m
1,2026-09-25,2026-Q3,516.17,https://finance.yahoo.com/quote/MSFT?latency=15m
1,2026-09-28,2026-Q3,509.22,https://finance.yahoo.com/quote/MSFT?latency=15m
1,2026-09-29,2026-Q3,508.96,https://finance.yahoo.com/quote/MSFT?latency=15m
1,2026-09-30,2026-Q3,512.9,https://finance.yahoo.com/quote/MSFT?latency=15m
1,2026-10-01,2026-Q4,512.8,https://finance.yahoo.com/quote/MSFT?latency=15m
1,2026-10-02,2026-Q4,517.53,https://finance.yahoo.com/quote/MSFT?latency=15m
1,2026-10-05,2026-Q4,525.18,https://finance.yahoo.com/quote/MSFT?latency=15m
1,2026-10-06,2026-Q4,531.25,https://finance.yahoo.com/quote/MSFT?latency=15m
1,2026-10-07,2026-Q4,529.76,https://finance.yahoo.com/quote/MSFT?latency=15m
