company_id,company_name,filing_date,quarter,rnd_spend,source_url
1,Microsoft,2022-04-26,2022-Q1,6306000000,https://www.sec.gov/edgar/browse/?CIK=0000789019
1,Microsoft,2022-07-26,2022-Q2,6849000000,https://www.sec.gov/edgar/browse/?CIK=0000789019
1,Microsoft,2022-10-25,2022-Q3,6628000000,https://www.sec.gov/edgar/browse/?CIK=0000789019
1,Microsoft,2023-01-24,2022-Q4,6844000000,https://www.sec.gov/edgar/browse/?CIK=0000789019
1,Microsoft,2023-04-25,2023-Q1,6984000000,https://www.sec.gov/edgar/browse/?CIK=0000789019
1,Microsoft,2023-07-25,2023-Q2,6740000000,https://www.sec.gov/edgar/browse/?CIK=0000789019
1,Microsoft,2023-10-24,2023-Q3,6659000000,https://www.sec.gov/edgar/browse/?CIK=0000789019
1,Microsoft,2024-01-30,2023-Q4,7142000000,https://www.sec.gov/edgar/browse/?CIK=0000789019
1,Microsoft,2024-04-25,2024-Q1,7504000000,https://www.sec.gov/edgar/browse/?CIK=0000789019
1,Microsoft,2024-07-30,2024-Q2,7908000000,https://www.sec.gov/edgar/browse/?CIK=0000789019
1,Microsoft,2024-10-30,2024-Q3,7472000000,https://www.sec.gov/edgar/browse/?CIK=0000789019
1,Microsoft,2025-01-28,2024-Q4,7850000000,https://www.sec.gov/edgar/browse/?CIK=0000789019
1,Microsoft,2025-04-29,2025-Q1,8120000000,https://www.sec.gov/edgar/browse/?CIK=0000789019
1,Microsoft,2025-07-29,2025-Q2,8450000000,https://www.sec.gov/edgar/browse/?CIK=0000789019
1,Microsoft,2025-10-28,2025-Q3,8700000000,https://www.sec.gov/edgar/browse/?CIK=0000789019
1,Microsoft,2026-01-27,2025-Q4,8950000000,https://www.sec.gov/edgar/browse/?CIK=0000789019
1,Microsoft,2026-04-28,2026-Q1,9200000000,https://www.sec.gov/edgar/browse/?CIK=0000789019
1,Microsoft,2026-07-28,2026-Q2,9500000000,https://www.sec.gov/edgar/browse/?CIK=0000789019
